report,district_id,district,ftc_students,ftc_total_funded,private_schools_serving_ftc
2022-09,1,ALACHUA,713,2566402,27
2022-09,2,BAKER,79,285373,3
2022-09,3,BAY,244,889132,10
2022-09,4,BRADFORD,149,554682,4
2022-09,5,BREVARD,2228,7962120,62
2022-09,6,BROWARD,9136,33609632,185
2022-09,7,CALHOUN,10,34121,
2022-09,8,CHARLOTTE,322,1211414,7
2022-09,9,CITRUS,452,1618621,7
2022-09,10,CLAY,533,1910396,19
2022-09,11,COLLIER,529,2292942,15
2022-09,12,COLUMBIA,473,1709509,11
2022-09,13,DADE,19456,73048610,412
2022-09,14,DESOTO,111,413610,3
2022-09,15,DIXIE,73,279160,2
2022-09,16,DUVAL,6661,23972187,107
2022-09,17,ESCAMBIA,1578,5594024,29
2022-09,18,FLAGLER,391,1402128,9
2022-09,19,FRANKLIN,36,96067,2
2022-09,20,GADSDEN,460,1717796,4
2022-09,21,GILCHRIST,67,266772,3
2022-09,22,GLADES,26,109351,1
2022-09,23,GULF,25,63840,1
2022-09,24,HAMILTON,129,507197,3
2022-09,25,HARDEE,38,138097,1
2022-09,26,HENDRY,264,1030825,3
2022-09,27,HERNANDO,721,2466876,19
2022-09,28,HIGHLANDS,545,1932995,12
2022-09,29,HILLSBOROUGH,4932,17687862,106
2022-09,30,HOLMES,29,105583,1
2022-09,31,INDIAN RIVER,289,1059907,9
2022-09,32,JACKSON,126,366790,2
2022-09,33,JEFFERSON,79,287408,2
2022-09,34,LAFAYETTE,48,183193,1
2022-09,35,LAKE,1435,5129333,35
2022-09,36,LEE,1476,5544391,31
2022-09,37,LEON,931,3324077,32
2022-09,38,LEVY,203,777673,4
2022-09,39,LIBERTY,8,32423,1
2022-09,40,MADISON,53,197512,2
2022-09,41,MANATEE,809,2918270,25
2022-09,42,MARION,1716,6010592,33
2022-09,43,MARTIN,335,1203548,11
2022-09,44,MONROE,109,520927,4
2022-09,45,NASSAU,201,734600,8
2022-09,46,OKALOOSA,305,1063619,12
2022-09,47,OKEECHOBEE,114,398405,4
2022-09,48,ORANGE,8126,29818553,166
2022-09,49,OSCEOLA,3538,12664867,56
2022-09,50,PALM BEACH,3202,12277378,94
2022-09,51,PASCO,1519,5381968,34
2022-09,52,PINELLAS,3093,11420420,93
2022-09,53,POLK,3990,14033825,72
2022-09,54,PUTNAM,253,882041,5
2022-09,55,ST. JOHNS,575,2064404,16
2022-09,56,ST. LUCIE,1483,5426067,33
2022-09,57,SANTA ROSA,481,1567376,8
2022-09,58,SARASOTA,686,2666356,30
2022-09,59,SEMINOLE,1322,4785170,52
2022-09,60,SUMTER,96,355727,1
2022-09,61,SUWANNEE,361,1324030,5
2022-09,62,TAYLOR,151,564030,2
2022-09,63,UNION,43,161402,1
2022-09,64,VOLUSIA,2601,9203397,54
2022-09,65,WAKULLA,60,220343,2
2022-09,66,WALTON,82,325487,6
2022-09,67,WASHINGTON,123,417917,2
2022-11,1,ALACHUA,756,2676116,27
2022-11,2,BAKER,79,285373,3
2022-11,3,BAY,276,967264,10
2022-11,4,BRADFORD,179,663803,4
2022-11,5,BREVARD,2267,8036171,61
2022-11,6,BROWARD,9264,33908535,185
2022-11,7,CALHOUN,10,34121,
2022-11,8,CHARLOTTE,321,1206846,7
2022-11,9,CITRUS,468,1648450,7
2022-11,10,CLAY,548,1942273,19
2022-11,11,COLLIER,546,2335199,15
2022-11,12,COLUMBIA,468,1691607,11
2022-11,13,DADE,19720,73863549,413
2022-11,14,DESOTO,117,434374,3
2022-11,15,DIXIE,77,286726,2
2022-11,16,DUVAL,6709,24087279,108
2022-11,17,ESCAMBIA,1606,5656137,29
2022-11,18,FLAGLER,395,1408578,9
2022-11,19,FRANKLIN,36,96067,2
2022-11,20,GADSDEN,470,1739535,4
2022-11,21,GILCHRIST,71,272036,3
2022-11,22,GLADES,26,110713,1
2022-11,23,GULF,25,63840,1
2022-11,24,HAMILTON,128,501413,3
2022-11,25,HARDEE,40,142543,1
2022-11,26,HENDRY,265,1034232,3
2022-11,27,HERNANDO,748,2524442,19
2022-11,28,HIGHLANDS,566,2012806,12
2022-11,29,HILLSBOROUGH,5050,17946264,106
2022-11,30,HOLMES,29,105583,1
2022-11,31,INDIAN RIVER,291,1064695,9
2022-11,32,JACKSON,125,362737,2
2022-11,33,JEFFERSON,78,283533,2
2022-11,34,LAFAYETTE,61,233893,1
2022-11,35,LAKE,1477,5233754,36
2022-11,36,LEE,1513,5653208,31
2022-11,37,LEON,931,3318658,32
2022-11,38,LEVY,213,798927,4
2022-11,39,LIBERTY,9,33279,1
2022-11,40,MADISON,53,197512,2
2022-11,41,MANATEE,865,3029321,24
2022-11,42,MARION,1738,6057604,33
2022-11,43,MARTIN,340,1215415,11
2022-11,44,MONROE,111,526077,4
2022-11,45,NASSAU,212,756270,8
2022-11,46,OKALOOSA,307,1070375,12
2022-11,47,OKEECHOBEE,114,398405,4
2022-11,48,ORANGE,8252,30086316,166
2022-11,49,OSCEOLA,3591,12819875,56
2022-11,50,PALM BEACH,3245,12370902,95
2022-11,51,PASCO,1568,5478999,34
2022-11,52,PINELLAS,3143,11507970,93
2022-11,53,POLK,4051,14312627,72
2022-11,54,PUTNAM,268,934646,5
2022-11,55,ST. JOHNS,602,2132908,15
2022-11,56,ST. LUCIE,1517,5525936,33
2022-11,57,SANTA ROSA,493,1593893,8
2022-11,58,SARASOTA,705,2721772,30
2022-11,59,SEMINOLE,1343,4839560,52
2022-11,60,SUMTER,97,357152,1
2022-11,61,SUWANNEE,369,1345316,5
2022-11,62,TAYLOR,153,568759,2
2022-11,63,UNION,46,169443,1
2022-11,64,VOLUSIA,2620,9255786,54
2022-11,65,WAKULLA,59,216716,2
2022-11,66,WALTON,87,336201,6
2022-11,67,WASHINGTON,122,412832,2
2023-02,1,ALACHUA,816,4196275,28
2023-02,2,BAKER,96,489993,3
2023-02,3,BAY,308,1562431,10
2023-02,4,BRADFORD,157,853014,4
2023-02,5,BREVARD,2424,12558259,63
2023-02,6,BROWARD,9784,52806009,189
2023-02,7,CALHOUN,15,71687,
2023-02,8,CHARLOTTE,342,1887177,8
2023-02,9,CITRUS,488,2527868,7
2023-02,10,CLAY,579,3010971,19
2023-02,11,COLLIER,578,3638652,15
2023-02,12,COLUMBIA,522,2697006,12
2023-02,13,DADE,20714,113478805,420
2023-02,14,DESOTO,140,738369,3
2023-02,15,DIXIE,83,452603,2
2023-02,16,DUVAL,7061,37355056,110
2023-02,17,ESCAMBIA,1711,8722398,29
2023-02,18,FLAGLER,444,2276523,10
2023-02,19,FRANKLIN,38,151261,2
2023-02,20,GADSDEN,486,2644973,4
2023-02,21,GILCHRIST,75,420907,3
2023-02,22,GLADES,27,165928,1
2023-02,23,GULF,30,112263,1
2023-02,24,HAMILTON,130,740073,3
2023-02,25,HARDEE,41,215194,1
2023-02,26,HENDRY,280,1533122,3
2023-02,27,HERNANDO,796,3914508,19
2023-02,28,HIGHLANDS,575,2995540,13
2023-02,29,HILLSBOROUGH,5319,28016993,110
2023-02,30,HOLMES,29,155962,1
2023-02,31,INDIAN RIVER,308,1667003,9
2023-02,32,JACKSON,134,549450,2
2023-02,33,JEFFERSON,80,432918,2
2023-02,34,LAFAYETTE,58,298960,1
2023-02,35,LAKE,1537,7977457,36
2023-02,36,LEE,1599,8755370,31
2023-02,37,LEON,989,5083436,32
2023-02,38,LEVY,228,1267660,4
2023-02,39,LIBERTY,9,42951,1
2023-02,40,MADISON,53,280995,2
2023-02,41,MANATEE,933,4820375,24
2023-02,42,MARION,1802,9284812,33
2023-02,43,MARTIN,350,1861668,11
2023-02,44,MONROE,114,807691,4
2023-02,45,NASSAU,229,1181582,8
2023-02,46,OKALOOSA,318,1623761,12
2023-02,47,OKEECHOBEE,117,602707,4
2023-02,48,ORANGE,8624,46123537,172
2023-02,49,OSCEOLA,3738,19421505,57
2023-02,50,PALM BEACH,3444,19583202,99
2023-02,51,PASCO,1680,8529088,37
2023-02,52,PINELLAS,3309,17638474,95
2023-02,53,POLK,4337,22372234,74
2023-02,54,PUTNAM,278,1394657,5
2023-02,55,ST. JOHNS,641,3336903,16
2023-02,56,ST. LUCIE,1567,8398776,33
2023-02,57,SANTA ROSA,524,2452141,8
2023-02,58,SARASOTA,747,4207958,31
2023-02,59,SEMINOLE,1406,7452702,52
2023-02,60,SUMTER,108,558170,1
2023-02,61,SUWANNEE,388,2050816,5
2023-02,62,TAYLOR,155,853364,2
2023-02,63,UNION,45,243456,1
2023-02,64,VOLUSIA,2783,14281847,56
2023-02,65,WAKULLA,60,327161,2
2023-02,66,WALTON,96,534271,7
2023-02,67,WASHINGTON,132,651807,2
2023-06,1,ALACHUA,853,5836011,28
2023-06,2,BAKER,98,659285,3
2023-06,3,BAY,327,2241238,10
2023-06,4,BRADFORD,186,1308732,4
2023-06,5,BREVARD,2520,17012336,63
2023-06,6,BROWARD,10027,71006747,191
2023-06,7,CALHOUN,15,99000,0
2023-06,8,CHARLOTTE,358,2531051,8
2023-06,9,CITRUS,503,3406537,7
2023-06,10,CLAY,578,3958993,19
2023-06,11,COLLIER,606,4970369,14
2023-06,12,COLUMBIA,543,3626265,13
2023-06,13,DADE,21490,153808322,423
2023-06,14,DESOTO,156,1051372,3
2023-06,15,DIXIE,88,631401,2
2023-06,16,DUVAL,7214,49740595,110
2023-06,17,ESCAMBIA,1754,11754911,30
2023-06,18,FLAGLER,459,3051666,10
2023-06,19,FRANKLIN,37,191946,2
2023-06,20,GADSDEN,504,3598273,4
2023-06,21,GILCHRIST,77,564631,3
2023-06,22,GLADES,27,198323,1
2023-06,23,GULF,32,156965,1
2023-06,24,HAMILTON,132,974122,3
2023-06,25,HARDEE,43,302720,1
2023-06,26,HENDRY,285,1726351,3
2023-06,27,HERNANDO,818,5314621,19
2023-06,28,HIGHLANDS,602,4070103,13
2023-06,29,HILLSBOROUGH,5486,37728818,112
2023-06,30,HOLMES,29,202640,1
2023-06,31,INDIAN RIVER,309,2196620,9
2023-06,32,JACKSON,135,722564,2
2023-06,33,JEFFERSON,81,584792,2
2023-06,34,LAFAYETTE,71,490695,1
2023-06,35,LAKE,1588,10810622,36
2023-06,36,LEE,1650,11868677,32
2023-06,37,LEON,1033,6865606,32
2023-06,38,LEVY,232,1726112,4
2023-06,39,LIBERTY,9,56268,1
2023-06,40,MADISON,57,378878,2
2023-06,41,MANATEE,952,6504672,24
2023-06,42,MARION,1839,12415923,34
2023-06,43,MARTIN,353,2491837,11
2023-06,44,MONROE,111,1004039,4
2023-06,45,NASSAU,239,1622846,8
2023-06,46,OKALOOSA,326,2175282,12
2023-06,47,OKEECHOBEE,119,804649,4
2023-06,48,ORANGE,8790,61845288,172
2023-06,49,OSCEOLA,3878,26295340,58
2023-06,50,PALM BEACH,3546,26024671,101
2023-06,51,PASCO,1752,11734995,40
2023-06,52,PINELLAS,3393,23762707,95
2023-06,53,POLK,4468,30111971,74
2023-06,54,PUTNAM,295,1929489,5
2023-06,55,ST. JOHNS,670,4598762,16
2023-06,56,ST. LUCIE,1621,11368863,34
2023-06,57,SANTA ROSA,537,3315585,8
2023-06,58,SARASOTA,785,5780235,32
2023-06,59,SEMINOLE,1468,10195531,53
2023-06,60,SUMTER,116,782144,1
2023-06,61,SUWANNEE,406,2810074,5
2023-06,62,TAYLOR,157,1146258,2
2023-06,63,UNION,46,333086,1
2023-06,64,VOLUSIA,2853,19211545,56
2023-06,65,WAKULLA,64,452250,2
2023-06,66,WALTON,96,705472,7
2023-06,67,WASHINGTON,133,858768,2
