school_year,report,district_id,district,ftc_students,ftc_total_funded,private_schools_serving_ftc
2018-19,2019-06,1,ALACHUA,1121,6842829,22
2018-19,2019-06,2,BAKER,92,554283,3
2018-19,2019-06,3,BAY,176,960372,6
2018-19,2019-06,4,BRADFORD,190,1071124,4
2018-19,2019-06,5,BREVARD,2478,15315449,54
2018-19,2019-06,6,BROWARD,9832,61687235,158
2018-19,2019-06,7,CALHOUN,6,34185,
2018-19,2019-06,8,CHARLOTTE,465,2849457,9
2018-19,2019-06,9,CITRUS,612,3694663,7
2018-19,2019-06,10,CLAY,569,3347387,14
2018-19,2019-06,11,COLLIER,475,2899221,14
2018-19,2019-06,12,COLUMBIA,489,2944360,11
2018-19,2019-06,13,DADE,24362,153700034,446
2018-19,2019-06,14,DESOTO,95,596425,1
2018-19,2019-06,15,DIXIE,69,427011,2
2018-19,2019-06,16,DUVAL,7738,47679485,112
2018-19,2019-06,17,ESCAMBIA,1813,11111996,26
2018-19,2019-06,18,FLAGLER,480,2989338,4
2018-19,2019-06,19,FRANKLIN,36,146202,1
2018-19,2019-06,20,GADSDEN,434,2794406,3
2018-19,2019-06,21,GILCHRIST,51,326918,2
2018-19,2019-06,22,GLADES,22,139662,1
2018-19,2019-06,23,GULF,32,137246,1
2018-19,2019-06,24,HAMILTON,93,513058,2
2018-19,2019-06,25,HARDEE,37,226968,1
2018-19,2019-06,26,HENDRY,224,1409667,3
2018-19,2019-06,27,HERNANDO,895,4921671,13
2018-19,2019-06,28,HIGHLANDS,603,3660288,8
2018-19,2019-06,29,HILLSBOROUGH,5605,35079696,96
2018-19,2019-06,30,HOLMES,22,132005,
2018-19,2019-06,31,INDIAN RIVER,341,1909366,9
2018-19,2019-06,32,JACKSON,116,469265,3
2018-19,2019-06,33,JEFFERSON,76,455665,3
2018-19,2019-06,34,LAFAYETTE,35,200510,1
2018-19,2019-06,35,LAKE,1721,10569898,33
2018-19,2019-06,36,LEE,1294,7920589,28
2018-19,2019-06,37,LEON,700,4221555,23
2018-19,2019-06,38,LEVY,233,1440831,4
2018-19,2019-06,39,LIBERTY,4,22223,
2018-19,2019-06,40,MADISON,14,74070,
2018-19,2019-06,41,MANATEE,916,5408534,19
2018-19,2019-06,42,MARION,2115,12567967,30
2018-19,2019-06,43,MARTIN,313,1759361,7
2018-19,2019-06,44,MONROE,113,689285,5
2018-19,2019-06,45,NASSAU,237,1430799,7
2018-19,2019-06,46,OKALOOSA,446,2655104,8
2018-19,2019-06,47,OKEECHOBEE,173,960720,4
2018-19,2019-06,48,ORANGE,10047,63131894,133
2018-19,2019-06,49,OSCEOLA,3893,24430958,45
2018-19,2019-06,50,PALM BEACH,3258,20519830,65
2018-19,2019-06,51,PASCO,1538,9188452,34
2018-19,2019-06,52,PINELLAS,3787,23557791,85
2018-19,2019-06,53,POLK,3961,23968997,61
2018-19,2019-06,54,PUTNAM,414,2465100,5
2018-19,2019-06,55,ST. JOHNS,472,2755876,17
2018-19,2019-06,56,ST. LUCIE,1907,11603129,28
2018-19,2019-06,57,SANTA ROSA,393,2165704,8
2018-19,2019-06,58,SARASOTA,715,4365731,28
2018-19,2019-06,59,SEMINOLE,1416,8790624,43
2018-19,2019-06,60,SUMTER,102,646756,
2018-19,2019-06,61,SUWANNEE,455,2849467,4
2018-19,2019-06,62,TAYLOR,167,1055429,2
2018-19,2019-06,63,UNION,39,226869,
2018-19,2019-06,64,VOLUSIA,3278,20365274,50
2018-19,2019-06,65,WAKULLA,93,573537,3
2018-19,2019-06,66,WALTON,69,365855,4
2018-19,2019-06,67,WASHINGTON,124,686153,2
2019-20,2020-06,1,ALACHUA,1034,6037253,23
2019-20,2020-06,2,BAKER,105,622530,3
2019-20,2020-06,3,BAY,162,946968,6
2019-20,2020-06,4,BRADFORD,176,931869,3
2019-20,2020-06,5,BREVARD,2650,15755485,57
2019-20,2020-06,6,BROWARD,10649,64486810,163
2019-20,2020-06,7,CALHOUN,4,25665,
2019-20,2020-06,8,CHARLOTTE,440,2657405,8
2019-20,2020-06,9,CITRUS,622,3624269,7
2019-20,2020-06,10,CLAY,557,3425211,14
2019-20,2020-06,11,COLLIER,529,3469176,15
2019-20,2020-06,12,COLUMBIA,584,3368593,10
2019-20,2020-06,13,DADE,25442,159147404,435
2019-20,2020-06,14,DESOTO,99,554449,1
2019-20,2020-06,15,DIXIE,84,486270,2
2019-20,2020-06,16,DUVAL,8500,51037572,112
2019-20,2020-06,17,ESCAMBIA,2138,12332403,29
2019-20,2020-06,18,FLAGLER,532,3250868,5
2019-20,2020-06,19,FRANKLIN,35,127722,1
2019-20,2020-06,20,GADSDEN,473,3034121,3
2019-20,2020-06,21,GILCHRIST,72,424508,3
2019-20,2020-06,22,GLADES,31,192837,1
2019-20,2020-06,23,GULF,32,154748,1
2019-20,2020-06,24,HAMILTON,124,800630,2
2019-20,2020-06,25,HARDEE,43,250388,1
2019-20,2020-06,26,HENDRY,286,1741516,3
2019-20,2020-06,27,HERNANDO,936,5041819,16
2019-20,2020-06,28,HIGHLANDS,670,3957229,9
2019-20,2020-06,29,HILLSBOROUGH,6190,37110985,100
2019-20,2020-06,30,HOLMES,10,61273,
2019-20,2020-06,31,INDIAN RIVER,345,1933453,9
2019-20,2020-06,32,JACKSON,123,484802,3
2019-20,2020-06,33,JEFFERSON,95,606203,3
2019-20,2020-06,34,LAFAYETTE,34,208657,1
2019-20,2020-06,35,LAKE,1783,10453408,30
2019-20,2020-06,36,LEE,1429,8380164,30
2019-20,2020-06,37,LEON,829,4727787,24
2019-20,2020-06,38,LEVY,269,1612844,4
2019-20,2020-06,39,LIBERTY,5,24786,
2019-20,2020-06,40,MADISON,38,235021,2
2019-20,2020-06,41,MANATEE,991,5840795,20
2019-20,2020-06,42,MARION,2174,12645623,30
2019-20,2020-06,43,MARTIN,333,1875393,6
2019-20,2020-06,44,MONROE,80,502239,3
2019-20,2020-06,45,NASSAU,253,1497795,8
2019-20,2020-06,46,OKALOOSA,527,2857494,11
2019-20,2020-06,47,OKEECHOBEE,167,907072,5
2019-20,2020-06,48,ORANGE,10451,63731118,139
2019-20,2020-06,49,OSCEOLA,3973,23987772,46
2019-20,2020-06,50,PALM BEACH,3650,22396767,74
2019-20,2020-06,51,PASCO,1682,9824458,36
2019-20,2020-06,52,PINELLAS,4098,24640654,88
2019-20,2020-06,53,POLK,4374,25452212,62
2019-20,2020-06,54,PUTNAM,411,2378979,5
2019-20,2020-06,55,ST. JOHNS,597,3378163,17
2019-20,2020-06,56,ST. LUCIE,1884,11198646,28
2019-20,2020-06,57,SANTA ROSA,540,2857859,10
2019-20,2020-06,58,SARASOTA,814,4910555,31
2019-20,2020-06,59,SEMINOLE,1563,9319028,42
2019-20,2020-06,60,SUMTER,102,592507,1
2019-20,2020-06,61,SUWANNEE,460,2825962,6
2019-20,2020-06,62,TAYLOR,178,1121986,2
2019-20,2020-06,63,UNION,41,263906,
2019-20,2020-06,64,VOLUSIA,3454,20639536,52
2019-20,2020-06,65,WAKULLA,76,501613,2
2019-20,2020-06,66,WALTON,74,419725,5
2019-20,2020-06,67,WASHINGTON,113,598656,2
2020-21,2021-06,1,ALACHUA,940,5758205,26
2020-21,2021-06,2,BAKER,76,489028,3
2020-21,2021-06,3,BAY,170,1013267,7
2020-21,2021-06,4,BRADFORD,166,902192,4
2020-21,2021-06,5,BREVARD,2508,15269520,60
2020-21,2021-06,6,BROWARD,10514,66446500,176
2020-21,2021-06,7,CALHOUN,9,42589,
2020-21,2021-06,8,CHARLOTTE,362,2254778,8
2020-21,2021-06,9,CITRUS,553,3386578,7
2020-21,2021-06,10,CLAY,568,3401363,16
2020-21,2021-06,11,COLLIER,531,3813249,16
2020-21,2021-06,12,COLUMBIA,575,3542744,11
2020-21,2021-06,13,DADE,24502,158419044,440
2020-21,2021-06,14,DESOTO,106,641689,1
2020-21,2021-06,15,DIXIE,72,438765,2
2020-21,2021-06,16,DUVAL,8016,50360450,109
2020-21,2021-06,17,ESCAMBIA,1875,11328523,30
2020-21,2021-06,18,FLAGLER,481,2831029,7
2020-21,2021-06,19,FRANKLIN,30,107943,1
2020-21,2021-06,20,GADSDEN,490,3156278,3
2020-21,2021-06,21,GILCHRIST,70,437253,3
2020-21,2021-06,22,GLADES,28,177353,1
2020-21,2021-06,23,GULF,43,210018,1
2020-21,2021-06,24,HAMILTON,136,926464,3
2020-21,2021-06,25,HARDEE,35,227359,1
2020-21,2021-06,26,HENDRY,284,1716851,3
2020-21,2021-06,27,HERNANDO,895,4886552,18
2020-21,2021-06,28,HIGHLANDS,582,3518353,10
2020-21,2021-06,29,HILLSBOROUGH,5760,35957672,99
2020-21,2021-06,30,HOLMES,20,104121,
2020-21,2021-06,31,INDIAN RIVER,331,2044244,9
2020-21,2021-06,32,JACKSON,127,528723,2
2020-21,2021-06,33,JEFFERSON,92,621770,3
2020-21,2021-06,34,LAFAYETTE,45,285494,1
2020-21,2021-06,35,LAKE,1605,9755376,34
2020-21,2021-06,36,LEE,1387,8716526,30
2020-21,2021-06,37,LEON,907,5317315,28
2020-21,2021-06,38,LEVY,265,1600949,4
2020-21,2021-06,39,LIBERTY,4,28848,1
2020-21,2021-06,40,MADISON,42,242123,2
2020-21,2021-06,41,MANATEE,975,5909451,21
2020-21,2021-06,42,MARION,1993,11929797,33
2020-21,2021-06,43,MARTIN,390,2425258,8
2020-21,2021-06,44,MONROE,89,627588,4
2020-21,2021-06,45,NASSAU,248,1509074,8
2020-21,2021-06,46,OKALOOSA,447,2638462,12
2020-21,2021-06,47,OKEECHOBEE,141,824826,4
2020-21,2021-06,48,ORANGE,9775,60842129,155
2020-21,2021-06,49,OSCEOLA,3992,24490444,48
2020-21,2021-06,50,PALM BEACH,3601,23123032,79
2020-21,2021-06,51,PASCO,1641,9813004,34
2020-21,2021-06,52,PINELLAS,3724,23362195,87
2020-21,2021-06,53,POLK,4267,25564635,66
2020-21,2021-06,54,PUTNAM,382,2141600,5
2020-21,2021-06,55,ST. JOHNS,628,3754870,17
2020-21,2021-06,56,ST. LUCIE,1801,11005859,30
2020-21,2021-06,57,SANTA ROSA,535,2781117,10
2020-21,2021-06,58,SARASOTA,741,4621532,29
2020-21,2021-06,59,SEMINOLE,1464,8937650,43
2020-21,2021-06,60,SUMTER,102,608813,1
2020-21,2021-06,61,SUWANNEE,417,2600284,5
2020-21,2021-06,62,TAYLOR,156,1013257,2
2020-21,2021-06,63,UNION,41,215419,
2020-21,2021-06,64,VOLUSIA,3124,18996053,52
2020-21,2021-06,65,WAKULLA,66,431395,2
2020-21,2021-06,66,WALTON,79,473969,8
2020-21,2021-06,67,WASHINGTON,91,481474,2
2021-22,2022-06,1,ALACHUA,753,4834408,26
2021-22,2022-06,2,BAKER,69,438406,3
2021-22,2022-06,3,BAY,224,1423379,9
2021-22,2022-06,4,BRADFORD,116,787378,4
2021-22,2022-06,5,BREVARD,2155,13911906,62
2021-22,2022-06,6,BROWARD,8297,55901801,186
2021-22,2022-06,7,CALHOUN,5,33222,
2021-22,2022-06,8,CHARLOTTE,304,2008490,8
2021-22,2022-06,9,CITRUS,472,3069914,7
2021-22,2022-06,10,CLAY,482,3147076,17
2021-22,2022-06,11,COLLIER,483,3651214,15
2021-22,2022-06,12,COLUMBIA,444,2825304,11
2021-22,2022-06,13,DADE,19454,134077083,423
2021-22,2022-06,14,DESOTO,93,563227,1
2021-22,2022-06,15,DIXIE,59,401576,2
2021-22,2022-06,16,DUVAL,6254,41583775,106
2021-22,2022-06,17,ESCAMBIA,1468,9421207,29
2021-22,2022-06,18,FLAGLER,386,2483297,8
2021-22,2022-06,19,FRANKLIN,21,84551,1
2021-22,2022-06,20,GADSDEN,441,3020107,3
2021-22,2022-06,21,GILCHRIST,78,512933,3
2021-22,2022-06,22,GLADES,25,160870,1
2021-22,2022-06,23,GULF,27,139031,1
2021-22,2022-06,24,HAMILTON,116,820053,3
2021-22,2022-06,25,HARDEE,35,237243,1
2021-22,2022-06,26,HENDRY,225,1464083,3
2021-22,2022-06,27,HERNANDO,697,4169916,20
2021-22,2022-06,28,HIGHLANDS,501,3229562,11
2021-22,2022-06,29,HILLSBOROUGH,4695,30945362,106
2021-22,2022-06,30,HOLMES,22,107321,1
2021-22,2022-06,31,INDIAN RIVER,263,1731770,9
2021-22,2022-06,32,JACKSON,96,445550,3
2021-22,2022-06,33,JEFFERSON,83,549106,3
2021-22,2022-06,34,LAFAYETTE,62,392433,1
2021-22,2022-06,35,LAKE,1267,8087726,34
2021-22,2022-06,36,LEE,1295,8674329,32
2021-22,2022-06,37,LEON,775,4879843,30
2021-22,2022-06,38,LEVY,214,1417799,4
2021-22,2022-06,39,LIBERTY,4,31399,
2021-22,2022-06,40,MADISON,40,268656,2
2021-22,2022-06,41,MANATEE,841,5461750,23
2021-22,2022-06,42,MARION,1600,10248711,33
2021-22,2022-06,43,MARTIN,299,1901557,9
2021-22,2022-06,44,MONROE,81,578696,4
2021-22,2022-06,45,NASSAU,180,1193162,8
2021-22,2022-06,46,OKALOOSA,334,2156547,12
2021-22,2022-06,47,OKEECHOBEE,109,703823,4
2021-22,2022-06,48,ORANGE,7472,49632909,161
2021-22,2022-06,49,OSCEOLA,3287,21041576,52
2021-22,2022-06,50,PALM BEACH,2903,20515514,88
2021-22,2022-06,51,PASCO,1414,9078599,34
2021-22,2022-06,52,PINELLAS,3052,20268418,89
2021-22,2022-06,53,POLK,3779,23949896,73
2021-22,2022-06,54,PUTNAM,226,1395131,5
2021-22,2022-06,55,ST. JOHNS,524,3358907,16
2021-22,2022-06,56,ST. LUCIE,1432,9503184,29
2021-22,2022-06,57,SANTA ROSA,394,2290756,7
2021-22,2022-06,58,SARASOTA,678,4645111,33
2021-22,2022-06,59,SEMINOLE,1168,7522381,48
2021-22,2022-06,60,SUMTER,94,614215,1
2021-22,2022-06,61,SUWANNEE,343,2258926,6
2021-22,2022-06,62,TAYLOR,99,670691,2
2021-22,2022-06,63,UNION,35,220184,1
2021-22,2022-06,64,VOLUSIA,2539,16229595,53
2021-22,2022-06,65,WAKULLA,61,428030,2
2021-22,2022-06,66,WALTON,73,502374,6
2021-22,2022-06,67,WASHINGTON,95,493836,2
2022-23,2022-09,1,ALACHUA,713,2566402,27
2022-23,2022-09,2,BAKER,79,285373,3
2022-23,2022-09,3,BAY,244,889132,10
2022-23,2022-09,4,BRADFORD,149,554682,4
2022-23,2022-09,5,BREVARD,2228,7962120,62
2022-23,2022-09,6,BROWARD,9136,33609632,185
2022-23,2022-09,7,CALHOUN,10,34121,
2022-23,2022-09,8,CHARLOTTE,322,1211414,7
2022-23,2022-09,9,CITRUS,452,1618621,7
2022-23,2022-09,10,CLAY,533,1910396,19
2022-23,2022-09,11,COLLIER,529,2292942,15
2022-23,2022-09,12,COLUMBIA,473,1709509,11
2022-23,2022-09,13,DADE,19456,73048610,412
2022-23,2022-09,14,DESOTO,111,413610,3
2022-23,2022-09,15,DIXIE,73,279160,2
2022-23,2022-09,16,DUVAL,6661,23972187,107
2022-23,2022-09,17,ESCAMBIA,1578,5594024,29
2022-23,2022-09,18,FLAGLER,391,1402128,9
2022-23,2022-09,19,FRANKLIN,36,96067,2
2022-23,2022-09,20,GADSDEN,460,1717796,4
2022-23,2022-09,21,GILCHRIST,67,266772,3
2022-23,2022-09,22,GLADES,26,109351,1
2022-23,2022-09,23,GULF,25,63840,1
2022-23,2022-09,24,HAMILTON,129,507197,3
2022-23,2022-09,25,HARDEE,38,138097,1
2022-23,2022-09,26,HENDRY,264,1030825,3
2022-23,2022-09,27,HERNANDO,721,2466876,19
2022-23,2022-09,28,HIGHLANDS,545,1932995,12
2022-23,2022-09,29,HILLSBOROUGH,4932,17687862,106
2022-23,2022-09,30,HOLMES,29,105583,1
2022-23,2022-09,31,INDIAN RIVER,289,1059907,9
2022-23,2022-09,32,JACKSON,126,366790,2
2022-23,2022-09,33,JEFFERSON,79,287408,2
2022-23,2022-09,34,LAFAYETTE,48,183193,1
2022-23,2022-09,35,LAKE,1435,5129333,35
2022-23,2022-09,36,LEE,1476,5544391,31
2022-23,2022-09,37,LEON,931,3324077,32
2022-23,2022-09,38,LEVY,203,777673,4
2022-23,2022-09,39,LIBERTY,8,32423,1
2022-23,2022-09,40,MADISON,53,197512,2
2022-23,2022-09,41,MANATEE,809,2918270,25
2022-23,2022-09,42,MARION,1716,6010592,33
2022-23,2022-09,43,MARTIN,335,1203548,11
2022-23,2022-09,44,MONROE,109,520927,4
2022-23,2022-09,45,NASSAU,201,734600,8
2022-23,2022-09,46,OKALOOSA,305,1063619,12
2022-23,2022-09,47,OKEECHOBEE,114,398405,4
2022-23,2022-09,48,ORANGE,8126,29818553,166
2022-23,2022-09,49,OSCEOLA,3538,12664867,56
2022-23,2022-09,50,PALM BEACH,3202,12277378,94
2022-23,2022-09,51,PASCO,1519,5381968,34
2022-23,2022-09,52,PINELLAS,3093,11420420,93
2022-23,2022-09,53,POLK,3990,14033825,72
2022-23,2022-09,54,PUTNAM,253,882041,5
2022-23,2022-09,55,ST. JOHNS,575,2064404,16
2022-23,2022-09,56,ST. LUCIE,1483,5426067,33
2022-23,2022-09,57,SANTA ROSA,481,1567376,8
2022-23,2022-09,58,SARASOTA,686,2666356,30
2022-23,2022-09,59,SEMINOLE,1322,4785170,52
2022-23,2022-09,60,SUMTER,96,355727,1
2022-23,2022-09,61,SUWANNEE,361,1324030,5
2022-23,2022-09,62,TAYLOR,151,564030,2
2022-23,2022-09,63,UNION,43,161402,1
2022-23,2022-09,64,VOLUSIA,2601,9203397,54
2022-23,2022-09,65,WAKULLA,60,220343,2
2022-23,2022-09,66,WALTON,82,325487,6
2022-23,2022-09,67,WASHINGTON,123,417917,2
2022-23,2022-11,1,ALACHUA,756,2676116,27
2022-23,2022-11,2,BAKER,79,285373,3
2022-23,2022-11,3,BAY,276,967264,10
2022-23,2022-11,4,BRADFORD,179,663803,4
2022-23,2022-11,5,BREVARD,2267,8036171,61
2022-23,2022-11,6,BROWARD,9264,33908535,185
2022-23,2022-11,7,CALHOUN,10,34121,
2022-23,2022-11,8,CHARLOTTE,321,1206846,7
2022-23,2022-11,9,CITRUS,468,1648450,7
2022-23,2022-11,10,CLAY,548,1942273,19
2022-23,2022-11,11,COLLIER,546,2335199,15
2022-23,2022-11,12,COLUMBIA,468,1691607,11
2022-23,2022-11,13,DADE,19720,73863549,413
2022-23,2022-11,14,DESOTO,117,434374,3
2022-23,2022-11,15,DIXIE,77,286726,2
2022-23,2022-11,16,DUVAL,6709,24087279,108
2022-23,2022-11,17,ESCAMBIA,1606,5656137,29
2022-23,2022-11,18,FLAGLER,395,1408578,9
2022-23,2022-11,19,FRANKLIN,36,96067,2
2022-23,2022-11,20,GADSDEN,470,1739535,4
2022-23,2022-11,21,GILCHRIST,71,272036,3
2022-23,2022-11,22,GLADES,26,110713,1
2022-23,2022-11,23,GULF,25,63840,1
2022-23,2022-11,24,HAMILTON,128,501413,3
2022-23,2022-11,25,HARDEE,40,142543,1
2022-23,2022-11,26,HENDRY,265,1034232,3
2022-23,2022-11,27,HERNANDO,748,2524442,19
2022-23,2022-11,28,HIGHLANDS,566,2012806,12
2022-23,2022-11,29,HILLSBOROUGH,5050,17946264,106
2022-23,2022-11,30,HOLMES,29,105583,1
2022-23,2022-11,31,INDIAN RIVER,291,1064695,9
2022-23,2022-11,32,JACKSON,125,362737,2
2022-23,2022-11,33,JEFFERSON,78,283533,2
2022-23,2022-11,34,LAFAYETTE,61,233893,1
2022-23,2022-11,35,LAKE,1477,5233754,36
2022-23,2022-11,36,LEE,1513,5653208,31
2022-23,2022-11,37,LEON,931,3318658,32
2022-23,2022-11,38,LEVY,213,798927,4
2022-23,2022-11,39,LIBERTY,9,33279,1
2022-23,2022-11,40,MADISON,53,197512,2
2022-23,2022-11,41,MANATEE,865,3029321,24
2022-23,2022-11,42,MARION,1738,6057604,33
2022-23,2022-11,43,MARTIN,340,1215415,11
2022-23,2022-11,44,MONROE,111,526077,4
2022-23,2022-11,45,NASSAU,212,756270,8
2022-23,2022-11,46,OKALOOSA,307,1070375,12
2022-23,2022-11,47,OKEECHOBEE,114,398405,4
2022-23,2022-11,48,ORANGE,8252,30086316,166
2022-23,2022-11,49,OSCEOLA,3591,12819875,56
2022-23,2022-11,50,PALM BEACH,3245,12370902,95
2022-23,2022-11,51,PASCO,1568,5478999,34
2022-23,2022-11,52,PINELLAS,3143,11507970,93
2022-23,2022-11,53,POLK,4051,14312627,72
2022-23,2022-11,54,PUTNAM,268,934646,5
2022-23,2022-11,55,ST. JOHNS,602,2132908,15
2022-23,2022-11,56,ST. LUCIE,1517,5525936,33
2022-23,2022-11,57,SANTA ROSA,493,1593893,8
2022-23,2022-11,58,SARASOTA,705,2721772,30
2022-23,2022-11,59,SEMINOLE,1343,4839560,52
2022-23,2022-11,60,SUMTER,97,357152,1
2022-23,2022-11,61,SUWANNEE,369,1345316,5
2022-23,2022-11,62,TAYLOR,153,568759,2
2022-23,2022-11,63,UNION,46,169443,1
2022-23,2022-11,64,VOLUSIA,2620,9255786,54
2022-23,2022-11,65,WAKULLA,59,216716,2
2022-23,2022-11,66,WALTON,87,336201,6
2022-23,2022-11,67,WASHINGTON,122,412832,2
2022-23,2023-02,1,ALACHUA,816,4196275,28
2022-23,2023-02,2,BAKER,96,489993,3
2022-23,2023-02,3,BAY,308,1562431,10
2022-23,2023-02,4,BRADFORD,157,853014,4
2022-23,2023-02,5,BREVARD,2424,12558259,63
2022-23,2023-02,6,BROWARD,9784,52806009,189
2022-23,2023-02,7,CALHOUN,15,71687,
2022-23,2023-02,8,CHARLOTTE,342,1887177,8
2022-23,2023-02,9,CITRUS,488,2527868,7
2022-23,2023-02,10,CLAY,579,3010971,19
2022-23,2023-02,11,COLLIER,578,3638652,15
2022-23,2023-02,12,COLUMBIA,522,2697006,12
2022-23,2023-02,13,DADE,20714,113478805,420
2022-23,2023-02,14,DESOTO,140,738369,3
2022-23,2023-02,15,DIXIE,83,452603,2
2022-23,2023-02,16,DUVAL,7061,37355056,110
2022-23,2023-02,17,ESCAMBIA,1711,8722398,29
2022-23,2023-02,18,FLAGLER,444,2276523,10
2022-23,2023-02,19,FRANKLIN,38,151261,2
2022-23,2023-02,20,GADSDEN,486,2644973,4
2022-23,2023-02,21,GILCHRIST,75,420907,3
2022-23,2023-02,22,GLADES,27,165928,1
2022-23,2023-02,23,GULF,30,112263,1
2022-23,2023-02,24,HAMILTON,130,740073,3
2022-23,2023-02,25,HARDEE,41,215194,1
2022-23,2023-02,26,HENDRY,280,1533122,3
2022-23,2023-02,27,HERNANDO,796,3914508,19
2022-23,2023-02,28,HIGHLANDS,575,2995540,13
2022-23,2023-02,29,HILLSBOROUGH,5319,28016993,110
2022-23,2023-02,30,HOLMES,29,155962,1
2022-23,2023-02,31,INDIAN RIVER,308,1667003,9
2022-23,2023-02,32,JACKSON,134,549450,2
2022-23,2023-02,33,JEFFERSON,80,432918,2
2022-23,2023-02,34,LAFAYETTE,58,298960,1
2022-23,2023-02,35,LAKE,1537,7977457,36
2022-23,2023-02,36,LEE,1599,8755370,31
2022-23,2023-02,37,LEON,989,5083436,32
2022-23,2023-02,38,LEVY,228,1267660,4
2022-23,2023-02,39,LIBERTY,9,42951,1
2022-23,2023-02,40,MADISON,53,280995,2
2022-23,2023-02,41,MANATEE,933,4820375,24
2022-23,2023-02,42,MARION,1802,9284812,33
2022-23,2023-02,43,MARTIN,350,1861668,11
2022-23,2023-02,44,MONROE,114,807691,4
2022-23,2023-02,45,NASSAU,229,1181582,8
2022-23,2023-02,46,OKALOOSA,318,1623761,12
2022-23,2023-02,47,OKEECHOBEE,117,602707,4
2022-23,2023-02,48,ORANGE,8624,46123537,172
2022-23,2023-02,49,OSCEOLA,3738,19421505,57
2022-23,2023-02,50,PALM BEACH,3444,19583202,99
2022-23,2023-02,51,PASCO,1680,8529088,37
2022-23,2023-02,52,PINELLAS,3309,17638474,95
2022-23,2023-02,53,POLK,4337,22372234,74
2022-23,2023-02,54,PUTNAM,278,1394657,5
2022-23,2023-02,55,ST. JOHNS,641,3336903,16
2022-23,2023-02,56,ST. LUCIE,1567,8398776,33
2022-23,2023-02,57,SANTA ROSA,524,2452141,8
2022-23,2023-02,58,SARASOTA,747,4207958,31
2022-23,2023-02,59,SEMINOLE,1406,7452702,52
2022-23,2023-02,60,SUMTER,108,558170,1
2022-23,2023-02,61,SUWANNEE,388,2050816,5
2022-23,2023-02,62,TAYLOR,155,853364,2
2022-23,2023-02,63,UNION,45,243456,1
2022-23,2023-02,64,VOLUSIA,2783,14281847,56
2022-23,2023-02,65,WAKULLA,60,327161,2
2022-23,2023-02,66,WALTON,96,534271,7
2022-23,2023-02,67,WASHINGTON,132,651807,2
2022-23,2023-06,1,ALACHUA,853,5836011,28
2022-23,2023-06,2,BAKER,98,659285,3
2022-23,2023-06,3,BAY,327,2241238,10
2022-23,2023-06,4,BRADFORD,186,1308732,4
2022-23,2023-06,5,BREVARD,2520,17012336,63
2022-23,2023-06,6,BROWARD,10027,71006747,191
2022-23,2023-06,7,CALHOUN,15,99000,0
2022-23,2023-06,8,CHARLOTTE,358,2531051,8
2022-23,2023-06,9,CITRUS,503,3406537,7
2022-23,2023-06,10,CLAY,578,3958993,19
2022-23,2023-06,11,COLLIER,606,4970369,14
2022-23,2023-06,12,COLUMBIA,543,3626265,13
2022-23,2023-06,13,DADE,21490,153808322,423
2022-23,2023-06,14,DESOTO,156,1051372,3
2022-23,2023-06,15,DIXIE,88,631401,2
2022-23,2023-06,16,DUVAL,7214,49740595,110
2022-23,2023-06,17,ESCAMBIA,1754,11754911,30
2022-23,2023-06,18,FLAGLER,459,3051666,10
2022-23,2023-06,19,FRANKLIN,37,191946,2
2022-23,2023-06,20,GADSDEN,504,3598273,4
2022-23,2023-06,21,GILCHRIST,77,564631,3
2022-23,2023-06,22,GLADES,27,198323,1
2022-23,2023-06,23,GULF,32,156965,1
2022-23,2023-06,24,HAMILTON,132,974122,3
2022-23,2023-06,25,HARDEE,43,302720,1
2022-23,2023-06,26,HENDRY,285,1726351,3
2022-23,2023-06,27,HERNANDO,818,5314621,19
2022-23,2023-06,28,HIGHLANDS,602,4070103,13
2022-23,2023-06,29,HILLSBOROUGH,5486,37728818,112
2022-23,2023-06,30,HOLMES,29,202640,1
2022-23,2023-06,31,INDIAN RIVER,309,2196620,9
2022-23,2023-06,32,JACKSON,135,722564,2
2022-23,2023-06,33,JEFFERSON,81,584792,2
2022-23,2023-06,34,LAFAYETTE,71,490695,1
2022-23,2023-06,35,LAKE,1588,10810622,36
2022-23,2023-06,36,LEE,1650,11868677,32
2022-23,2023-06,37,LEON,1033,6865606,32
2022-23,2023-06,38,LEVY,232,1726112,4
2022-23,2023-06,39,LIBERTY,9,56268,1
2022-23,2023-06,40,MADISON,57,378878,2
2022-23,2023-06,41,MANATEE,952,6504672,24
2022-23,2023-06,42,MARION,1839,12415923,34
2022-23,2023-06,43,MARTIN,353,2491837,11
2022-23,2023-06,44,MONROE,111,1004039,4
2022-23,2023-06,45,NASSAU,239,1622846,8
2022-23,2023-06,46,OKALOOSA,326,2175282,12
2022-23,2023-06,47,OKEECHOBEE,119,804649,4
2022-23,2023-06,48,ORANGE,8790,61845288,172
2022-23,2023-06,49,OSCEOLA,3878,26295340,58
2022-23,2023-06,50,PALM BEACH,3546,26024671,101
2022-23,2023-06,51,PASCO,1752,11734995,40
2022-23,2023-06,52,PINELLAS,3393,23762707,95
2022-23,2023-06,53,POLK,4468,30111971,74
2022-23,2023-06,54,PUTNAM,295,1929489,5
2022-23,2023-06,55,ST. JOHNS,670,4598762,16
2022-23,2023-06,56,ST. LUCIE,1621,11368863,34
2022-23,2023-06,57,SANTA ROSA,537,3315585,8
2022-23,2023-06,58,SARASOTA,785,5780235,32
2022-23,2023-06,59,SEMINOLE,1468,10195531,53
2022-23,2023-06,60,SUMTER,116,782144,1
2022-23,2023-06,61,SUWANNEE,406,2810074,5
2022-23,2023-06,62,TAYLOR,157,1146258,2
2022-23,2023-06,63,UNION,46,333086,1
2022-23,2023-06,64,VOLUSIA,2853,19211545,56
2022-23,2023-06,65,WAKULLA,64,452250,2
2022-23,2023-06,66,WALTON,96,705472,7
2022-23,2023-06,67,WASHINGTON,133,858768,2
