school_year,enrollment,schools,source
2015-16,345796,2540,PS-AnnualReport2025.pdf p.2
2016-17,368321,2663,PS-AnnualReport2025.pdf p.2
2017-18,370166,2650,PS-AnnualReport2025.pdf p.2
2018-19,380295,2689,PS-AnnualReport2025.pdf p.2
2019-20,397970,2821,PS-AnnualReport2025.pdf p.2
2020-21,364420,2739,PS-AnnualReport2025.pdf p.2
2021-22,416084,2848,PS-AnnualReport2025.pdf p.2
2022-23,445067,2973,PS-AnnualReport2025.pdf p.2
2023-24,466004,3016,PS-AnnualReport2025.pdf p.2
2024-25,496519,3252,PS-AnnualReport2025.pdf p.2
