school_year,district_id,district,enr_pk,enr_k,enr_g1,enr_g2,enr_g3,enr_g4,enr_g5,enr_g6,enr_g7,enr_g8,enr_g9,enr_g10,enr_g11,enr_g12,enr_total,schools,public_enr
2018-19,1,ALACHUA,648,395,397,403,355,368,359,326,308,282,233,223,199,182,4678,32,29845
2018-19,2,BAKER,0,2,2,9,4,8,13,8,12,11,12,11,5,8,105,3,5060
2018-19,3,BAY,79,48,44,50,50,61,50,63,50,55,40,32,41,33,696,10,28129
2018-19,4,BRADFORD,36,30,40,36,42,45,33,52,46,37,44,36,35,27,539,7,3165
2018-19,5,BREVARD,1494,636,609,594,616,576,608,662,721,664,516,501,418,524,9139,86,73734
2018-19,6,BROWARD,5057,2662,2521,2462,2321,2487,2481,2860,2696,2762,3250,3169,3238,3494,41460,246,270978
2018-19,8,CHARLOTTE,91,110,101,97,99,93,109,120,117,93,62,44,35,29,1200,10,16009
2018-19,9,CITRUS,194,110,95,101,93,106,110,108,84,90,54,53,43,37,1278,9,15470
2018-19,10,CLAY,141,122,129,135,151,154,163,189,188,201,117,149,120,125,2084,22,38264
2018-19,11,COLLIER,708,305,266,273,282,296,313,327,335,335,297,309,321,264,4631,24,47436
2018-19,12,COLUMBIA,29,71,82,88,92,92,94,95,114,119,84,83,61,65,1169,15,10149
2018-19,13,DADE,11351,6057,5599,5296,4856,4785,4686,4442,4220,4063,4778,4878,4412,4893,74316,619,350456
2018-19,14,DESOTO,0,7,6,12,7,10,13,12,11,6,8,4,3,4,103,1,4926
2018-19,15,DIXIE,0,3,4,4,3,8,6,8,6,9,10,10,20,15,106,2,2228
2018-19,16,DUVAL,2368,1722,1732,1605,1707,1759,1800,2061,1969,1934,1774,1753,1598,1652,25434,166,130245
2018-19,17,ESCAMBIA,833,809,866,833,745,766,716,759,735,647,510,459,431,388,9497,35,39974
2018-19,18,FLAGLER,140,85,107,87,110,94,101,108,103,66,21,24,24,18,1088,10,12980
2018-19,19,FRANKLIN,12,6,7,2,7,3,1,3,3,0,2,3,3,1,53,1,1315
2018-19,20,GADSDEN,36,28,30,28,30,45,50,49,40,45,46,46,31,42,546,3,5237
2018-19,21,GILCHRIST,22,19,12,25,22,20,30,37,25,21,17,13,11,12,286,3,2753
2018-19,22,GLADES,0,8,9,9,10,15,21,10,10,12,12,5,10,6,137,2,1756
2018-19,23,GULF,14,6,12,15,8,10,12,3,3,8,6,1,0,2,100,2,1956
2018-19,24,HAMILTON,0,31,22,15,12,23,20,20,17,17,9,14,16,11,227,4,1611
2018-19,25,HARDEE,13,12,5,5,5,9,5,8,0,2,2,2,0,3,71,2,5080
2018-19,26,HENDRY,27,32,31,38,35,39,34,46,34,47,40,15,16,14,448,3,7267
2018-19,27,HERNANDO,157,185,179,201,175,177,206,180,194,175,109,104,72,74,2188,20,22807
2018-19,28,HIGHLANDS,178,144,104,102,94,116,102,106,116,70,39,31,17,16,1235,10,12333
2018-19,29,HILLSBOROUGH,2891,1725,1696,1599,1568,1675,1682,1822,1793,1682,1684,1625,1578,1481,24501,141,220257
2018-19,31,INDIAN RIVER,95,147,109,134,118,134,123,135,146,130,77,67,77,69,1561,9,17861
2018-19,32,JACKSON,42,22,25,22,21,18,15,16,13,13,14,6,2,2,231,3,6473
2018-19,33,JEFFERSON,20,21,20,21,21,24,27,26,30,28,24,42,27,26,357,4,769
2018-19,34,LAFAYETTE,19,1,6,4,7,8,11,4,8,11,3,11,1,0,94,1,1228
2018-19,35,LAKE,696,417,383,398,377,366,362,457,472,473,402,426,489,458,6176,43,43947
2018-19,36,LEE,1002,465,429,432,466,426,432,520,463,444,433,453,444,393,6802,42,94417
2018-19,37,LEON,540,311,290,274,283,291,308,302,311,323,258,256,223,244,4214,37,33978
2018-19,38,LEVY,5,23,26,24,27,23,42,31,48,29,20,23,16,15,352,5,5508
2018-19,39,LIBERTY,0,0,1,2,0,1,0,0,0,1,1,0,0,0,6,1,1318
2018-19,40,MADISON,0,5,1,3,2,3,1,7,3,2,6,0,3,1,37,3,2617
2018-19,41,MANATEE,355,233,236,244,287,259,267,302,280,299,287,301,297,335,3982,35,49310
2018-19,42,MARION,559,429,395,426,368,372,395,423,415,394,351,287,266,277,5357,46,42941
2018-19,43,MARTIN,205,641,648,649,646,652,652,663,630,652,573,569,565,911,8656,14,18624
2018-19,44,MONROE,226,55,46,45,40,44,38,45,31,31,3,2,6,5,617,8,8579
2018-19,45,NASSAU,197,86,86,78,87,76,87,92,81,70,57,57,53,45,1152,10,12122
2018-19,46,OKALOOSA,353,207,176,189,193,153,175,151,153,131,97,75,62,83,2198,20,31856
2018-19,47,OKEECHOBEE,180,52,35,37,36,44,46,38,26,22,20,10,8,7,561,8,6484
2018-19,48,ORANGE,2790,2343,2336,2315,2303,2226,2314,2406,2508,2318,2036,1929,1998,2064,31886,206,209114
2018-19,49,OSCEOLA,844,538,561,606,594,643,620,630,629,625,488,458,424,396,8056,65,68561
2018-19,50,PALM BEACH,2919,1452,1450,1416,1386,1516,1556,1742,1710,1653,1751,1818,1800,1877,24046,116,194186
2018-19,51,PASCO,342,292,309,306,281,308,305,308,303,326,895,866,852,880,6573,47,75059
2018-19,52,PINELLAS,1595,1151,1103,1173,1114,1180,1269,1398,1374,1375,1112,992,1000,934,16770,112,100987
2018-19,53,POLK,963,702,648,738,687,729,730,839,767,705,583,591,519,458,9659,82,105673
2018-19,54,PUTNAM,60,55,52,54,70,63,55,63,60,49,62,52,41,40,776,8,10998
2018-19,57,SANTA ROSA,399,152,142,122,124,115,99,99,108,78,82,55,59,73,1707,15,28479
2018-19,58,SARASOTA,370,270,273,296,304,329,294,331,350,304,336,302,302,230,4291,45,43119
2018-19,59,SEMINOLE,1437,778,780,683,769,748,798,784,780,708,462,459,420,450,10056,70,68289
2018-19,55,ST. JOHNS,353,212,180,215,169,188,154,155,148,136,93,85,81,93,2262,18,41908
2018-19,56,ST. LUCIE,495,402,407,392,341,324,335,389,323,381,404,388,356,368,5305,38,41418
2018-19,60,SUMTER,0,0,0,0,0,0,2,0,0,2,2,1,1,0,8,3,8840
2018-19,61,SUWANNEE,18,31,59,52,35,39,56,41,40,32,40,46,45,81,615,6,5968
2018-19,62,TAYLOR,0,19,35,25,24,27,28,26,20,23,24,13,16,15,295,2,2783
2018-19,64,VOLUSIA,919,575,549,512,507,529,530,558,511,466,336,323,284,365,6964,61,63249
2018-19,65,WAKULLA,38,14,14,14,16,12,14,16,16,22,21,13,23,21,254,3,5059
2018-19,66,WALTON,178,78,59,64,49,45,57,45,40,47,38,17,25,17,759,12,9826
2018-19,67,WASHINGTON,68,31,31,31,28,25,29,19,30,12,16,12,8,5,345,3,3450
2019-20,1,ALACHUA,580,389,371,384,403,352,348,364,311,299,234,229,209,196,4669,28,29920
2019-20,2,BAKER,0,1,4,3,10,8,9,14,11,17,9,13,8,7,114,3,5055
2019-20,3,BAY,89,67,79,68,84,71,79,80,91,67,42,40,28,33,918,12,25146
2019-20,4,BRADFORD,84,40,35,40,31,40,41,37,45,43,33,41,25,36,571,5,3114
2019-20,5,BREVARD,1274,692,602,614,603,614,618,647,744,670,517,497,459,455,9006,86,74395
2019-20,6,BROWARD,5029,3147,2839,2696,2713,2616,2712,3236,3207,3210,3759,3760,3756,3841,46521,272,271027
2019-20,8,CHARLOTTE,94,99,121,101,103,101,100,124,130,101,43,56,28,30,1231,9,16109
2019-20,9,CITRUS,208,131,104,98,104,83,104,117,97,78,60,53,52,38,1327,9,15720
2019-20,10,CLAY,122,123,116,130,148,164,166,191,207,203,180,128,163,146,2187,25,38764
2019-20,11,COLLIER,700,289,293,274,297,300,305,361,338,332,313,301,315,330,4748,26,47954
2019-20,12,COLUMBIA,31,82,82,80,102,90,95,110,108,96,91,75,65,51,1158,13,10282
2019-20,13,DADE,11432,6576,5489,5340,5228,4907,4810,4786,4420,4232,4955,4919,4399,4805,76298,645,350606
2019-20,14,DESOTO,105,19,4,4,10,10,11,15,13,6,3,8,4,4,216,2,4970
2019-20,15,DIXIE,0,4,7,3,6,8,7,8,18,11,16,8,11,19,126,2,2248
2019-20,16,DUVAL,2217,1779,1660,1785,1665,1764,1775,2130,2059,1951,1855,1691,1670,1625,25626,160,131506
2019-20,17,ESCAMBIA,725,739,745,720,732,713,663,757,692,638,532,505,444,409,9014,34,40141
2019-20,18,FLAGLER,281,101,84,101,94,105,90,87,94,91,35,23,15,81,1282,11,12992
2019-20,19,FRANKLIN,18,7,5,5,2,6,3,1,4,2,0,1,3,2,59,1,1316
2019-20,20,GADSDEN,37,25,31,34,40,33,45,55,56,41,43,48,38,32,558,3,5233
2019-20,21,GILCHRIST,19,26,22,17,22,31,29,34,40,18,14,21,11,12,316,4,2868
2019-20,22,GLADES,0,1,5,5,2,2,6,3,1,0,11,3,0,2,41,1,1779
2019-20,23,GULF,17,6,6,16,13,9,10,12,3,4,5,5,1,1,108,2,1890
2019-20,24,HAMILTON,0,25,23,19,22,13,26,19,22,19,12,20,16,11,247,5,1658
2019-20,25,HARDEE,12,10,8,6,4,4,8,4,4,2,1,2,1,4,70,2,5073
2019-20,26,HENDRY,31,42,36,31,41,42,44,51,52,40,39,37,13,11,510,3,8954
2019-20,27,HERNANDO,189,196,182,175,194,181,190,188,170,168,122,102,82,82,2221,23,23087
2019-20,28,HIGHLANDS,127,124,107,103,111,103,115,117,108,106,51,37,29,17,1255,10,12177
2019-20,29,HILLSBOROUGH,2941,1892,1784,1812,1733,1734,1862,1984,1995,1878,1651,1688,1580,1550,26084,147,224380
2019-20,30,HOLMES,0,0,0,0,0,0,0,0,4,9,15,15,7,5,55,1,3254
2019-20,31,INDIAN RIVER,88,148,126,113,133,126,129,127,132,140,64,72,74,78,1550,11,17924
2019-20,32,JACKSON,63,31,20,31,15,25,15,13,15,12,14,14,6,1,275,4,6415
2019-20,33,JEFFERSON,33,26,21,22,24,19,19,30,27,24,27,21,34,24,351,3,767
2019-20,34,LAFAYETTE,12,12,1,8,6,9,12,9,9,10,7,3,7,2,107,1,1232
2019-20,35,LAKE,761,427,383,394,392,374,359,415,438,496,418,426,429,495,6207,50,45064
2019-20,36,LEE,1266,487,411,385,392,413,371,437,452,421,407,353,360,366,6521,46,95871
2019-20,37,LEON,656,420,322,350,361,362,398,413,393,421,407,323,323,263,5412,40,34012
2019-20,38,LEVY,2,18,20,15,18,21,25,29,30,30,20,17,17,11,273,4,5535
2019-20,39,LIBERTY,1,0,2,2,1,1,1,1,0,2,1,0,1,0,13,1,1306
2019-20,40,MADISON,0,9,4,4,2,5,2,7,5,2,0,5,1,1,47,4,2556
2019-20,41,MANATEE,327,206,218,226,239,285,253,325,296,298,310,296,321,311,3911,31,50264
2019-20,42,MARION,515,431,417,403,459,415,400,428,426,399,344,318,252,238,5445,41,43596
2019-20,43,MARTIN,213,635,639,870,939,916,919,614,627,588,556,535,531,528,9110,14,19082
2019-20,44,MONROE,187,61,45,39,36,27,35,35,28,30,1,2,1,0,527,6,8840
2019-20,45,NASSAU,233,88,85,99,93,121,120,167,168,200,226,172,183,146,2101,11,12299
2019-20,46,OKALOOSA,322,244,195,212,220,228,166,200,143,138,111,80,68,67,2394,19,32556
2019-20,47,OKEECHOBEE,194,52,35,32,34,31,35,33,31,19,16,12,6,6,536,7,6653
2019-20,48,ORANGE,3068,2495,2373,2327,2394,2345,2283,2565,2377,2510,2132,2016,1964,2046,32895,239,211630
2019-20,49,OSCEOLA,759,661,634,598,641,659,673,693,672,643,609,540,522,570,8874,74,70515
2019-20,50,PALM BEACH,2977,1703,1559,1594,1606,1595,1688,1880,1970,1930,2297,2208,2193,2476,27676,136,196986
2019-20,51,PASCO,397,341,302,301,323,278,321,345,310,314,351,288,269,243,4383,48,76907
2019-20,52,PINELLAS,1681,1215,1182,1163,1236,1198,1268,1479,1466,1388,1121,1154,1012,1059,17622,108,100439
2019-20,53,POLK,775,764,681,679,764,750,756,881,844,811,606,565,562,518,9956,82,108330
2019-20,54,PUTNAM,73,63,49,46,60,52,64,54,44,45,40,30,27,26,673,7,10933
2019-20,57,SANTA ROSA,459,181,166,138,136,139,148,115,118,110,94,90,53,57,2004,15,29128
2019-20,58,SARASOTA,426,337,304,328,350,360,405,379,391,431,365,410,376,411,5273,48,43674
2019-20,59,SEMINOLE,1413,819,699,780,692,758,762,846,743,781,532,450,458,434,10167,70,68371
2019-20,55,ST. JOHNS,401,285,257,224,256,209,232,197,211,177,95,99,90,90,2823,21,43720
2019-20,56,ST. LUCIE,324,380,341,366,379,329,324,319,337,276,410,363,327,345,4820,40,42188
2019-20,60,SUMTER,0,7,1,3,2,7,3,8,6,3,6,6,5,2,59,3,8986
2019-20,61,SUWANNEE,20,41,30,55,58,42,45,65,45,45,40,48,48,149,731,9,5992
2019-20,62,TAYLOR,0,25,24,36,28,29,27,26,25,22,22,24,13,15,316,2,2838
2019-20,64,VOLUSIA,845,648,534,541,502,513,565,559,549,534,343,310,289,273,7005,62,63602
2019-20,65,WAKULLA,37,11,14,12,13,11,13,19,15,15,24,22,9,14,229,2,5101
2019-20,66,WALTON,197,84,56,68,54,60,45,60,41,53,28,31,20,21,818,15,10461
2019-20,67,WASHINGTON,62,31,26,26,34,32,20,27,19,22,8,12,7,4,330,3,3494
2020-21,1,ALACHUA,468,430,365,325,356,370,341,317,356,304,234,207,179,184,4436,32,28300
2020-21,2,BAKER,0,2,4,3,3,13,12,10,14,12,11,7,9,4,104,3,4943
2020-21,3,BAY,131,84,73,81,71,77,69,86,79,88,40,33,40,30,982,14,25280
2020-21,4,BRADFORD,44,36,34,36,44,35,43,45,36,31,40,23,37,26,510,5,2791
2020-21,5,BREVARD,881,654,646,607,615,555,625,587,659,658,453,476,454,502,8372,85,70996
2020-21,6,BROWARD,3393,2924,2821,2556,2433,2406,2313,2585,2728,2734,3065,3002,2989,3063,39012,268,260235
2020-21,8,CHARLOTTE,96,88,99,113,107,106,105,100,116,114,42,45,43,21,1195,9,15284
2020-21,9,CITRUS,182,127,122,107,97,97,76,104,99,81,50,53,42,48,1285,9,15413
2020-21,10,CLAY,97,100,93,85,103,114,114,112,140,122,217,135,131,65,1628,22,38264
2020-21,11,COLLIER,515,303,248,264,260,255,268,309,315,281,225,240,231,239,3953,28,46329
2020-21,12,COLUMBIA,54,83,82,91,97,113,89,113,101,117,85,108,79,70,1282,14,9805
2020-21,13,DADE,8079,6597,5680,5027,4904,4795,4534,4524,4720,4783,5052,5021,4393,5041,73150,608,334937
2020-21,14,DESOTO,95,19,11,7,6,12,6,17,16,18,5,3,3,7,225,3,4614
2020-21,15,DIXIE,0,3,8,6,4,7,11,10,10,13,13,12,7,12,116,2,2131
2020-21,16,DUVAL,1587,1754,1668,1606,1690,1591,1656,1904,1981,1952,1853,1776,1614,1674,24306,158,126815
2020-21,17,ESCAMBIA,687,663,659,565,535,557,523,534,570,512,385,349,365,318,7222,35,38465
2020-21,18,FLAGLER,202,99,109,80,108,98,115,94,79,97,54,42,31,30,1238,12,12853
2020-21,19,FRANKLIN,8,8,5,5,4,2,6,3,1,4,6,2,2,4,60,2,1226
2020-21,20,GADSDEN,31,42,32,39,38,46,39,49,60,60,55,40,52,44,627,3,4924
2020-21,21,GILCHRIST,32,19,23,25,20,25,27,24,27,29,17,21,13,11,313,3,2736
2020-21,22,GLADES,0,5,8,10,11,9,16,13,10,5,7,10,6,9,119,2,1751
2020-21,23,GULF,20,10,6,6,15,15,10,10,8,6,7,7,1,0,121,2,1840
2020-21,24,HAMILTON,0,35,39,39,46,50,40,41,44,66,45,58,51,27,581,5,1579
2020-21,25,HARDEE,12,8,10,6,4,3,5,4,3,1,1,2,1,2,62,2,4939
2020-21,26,HENDRY,25,34,45,36,30,42,39,61,47,52,38,37,27,9,522,3,13629
2020-21,27,HERNANDO,128,223,209,187,169,190,173,175,168,139,95,111,81,88,2136,21,22621
2020-21,28,HIGHLANDS,191,115,117,106,109,108,92,118,88,97,52,41,25,23,1282,13,12111
2020-21,29,HILLSBOROUGH,1748,1545,1555,1514,1536,1488,1480,1567,1518,1483,1376,1219,1209,1153,20391,139,218943
2020-21,30,HOLMES,0,0,0,0,0,0,0,2,5,4,18,12,5,6,52,2,3131
2020-21,31,INDIAN RIVER,140,122,106,127,99,126,122,116,134,117,77,74,65,65,1490,12,17570
2020-21,32,JACKSON,33,27,24,19,25,19,17,16,14,12,10,7,9,3,235,4,6248
2020-21,33,JEFFERSON,19,36,28,22,24,26,21,26,28,24,28,32,18,36,368,3,706
2020-21,34,LAFAYETTE,8,5,9,2,8,7,9,8,9,8,9,7,3,5,97,1,1170
2020-21,35,LAKE,596,343,351,320,325,305,278,342,323,294,292,221,226,178,4394,43,43706
2020-21,36,LEE,888,543,466,458,438,415,443,442,465,493,467,468,403,408,6797,43,94927
2020-21,37,LEON,422,390,337,290,308,301,326,328,309,306,234,195,133,151,4030,38,32845
2020-21,38,LEVY,2,19,25,25,20,24,28,29,36,29,29,22,17,11,316,5,5448
2020-21,39,LIBERTY,0,3,1,0,4,3,0,1,1,0,2,1,0,0,16,1,1273
2020-21,40,MADISON,10,11,7,4,4,1,5,3,7,7,3,0,5,1,68,3,2425
2020-21,41,MANATEE,310,253,236,258,249,266,303,307,301,302,276,271,253,278,3863,33,49181
2020-21,42,MARION,451,451,411,395,418,435,375,373,405,385,317,306,281,246,5249,45,41177
2020-21,43,MARTIN,207,1061,1056,1043,1039,1052,1029,141,1021,1038,972,960,970,262,11851,20,18240
2020-21,44,MONROE,160,59,59,39,37,37,28,36,30,26,2,1,1,0,515,5,8547
2020-21,45,NASSAU,203,110,90,91,100,112,134,147,136,159,221,221,180,193,2097,11,11898
2020-21,46,OKALOOSA,253,210,190,167,170,164,179,133,119,99,85,71,56,45,1941,16,31614
2020-21,47,OKEECHOBEE,160,53,41,29,27,32,32,34,24,29,8,13,10,5,497,6,6263
2020-21,48,ORANGE,1822,2370,2238,2173,2096,2167,2040,2133,2268,2050,1930,1819,1648,1663,28417,225,199851
2020-21,49,OSCEOLA,700,640,615,622,607,635,642,715,692,684,604,604,578,550,8888,73,68640
2020-21,50,PALM BEACH,2290,1776,1600,1517,1580,1546,1445,1579,1667,1689,1588,1596,1507,1541,22921,130,188832
2020-21,51,PASCO,235,284,321,296,292,315,280,311,311,321,724,812,644,858,6004,43,77109
2020-21,52,PINELLAS,1147,1150,1127,1115,1101,1164,1151,1345,1403,1367,1077,1056,1077,1005,16285,113,96068
2020-21,53,POLK,701,783,804,694,680,767,774,849,805,808,654,550,470,578,9917,85,105368
2020-21,54,PUTNAM,47,41,62,49,59,48,66,78,72,75,64,72,42,28,803,7,10319
2020-21,57,SANTA ROSA,302,183,148,137,134,103,118,119,104,92,98,79,68,56,1741,10,27770
2020-21,58,SARASOTA,307,306,333,287,315,322,316,372,315,349,303,264,293,302,4384,43,42618
2020-21,59,SEMINOLE,1067,779,674,659,740,635,706,673,768,691,501,495,419,405,9212,66,66226
2020-21,55,ST. JOHNS,316,324,286,253,239,266,214,209,187,193,114,109,113,104,2927,22,44550
2020-21,56,ST. LUCIE,457,432,384,380,384,365,335,285,290,291,364,365,307,313,4952,37,41779
2020-21,60,SUMTER,7,4,7,5,5,1,9,9,9,8,5,6,4,3,82,3,8675
2020-21,61,SUWANNEE,27,42,42,31,49,53,43,48,62,46,49,47,50,50,639,8,5708
2020-21,62,TAYLOR,0,40,23,24,41,23,29,25,26,24,20,22,25,11,333,2,2731
2020-21,64,VOLUSIA,634,603,583,519,516,473,482,587,549,534,343,319,283,260,6685,62,61088
2020-21,65,WAKULLA,29,17,9,12,10,11,11,13,21,8,19,13,20,8,201,2,4963
2020-21,66,WALTON,138,54,49,47,37,42,44,34,36,42,26,20,23,22,614,12,10355
2020-21,67,WASHINGTON,54,27,23,16,24,24,27,24,26,21,23,5,10,5,309,3,3399
2021-22,1,ALACHUA,537,495,453,406,383,400,417,359,336,349,277,241,192,172,5017,31,28808
2021-22,2,BAKER,0,0,5,9,6,3,12,7,7,10,15,10,4,4,92,3,4969
2021-22,3,BAY,158,115,99,93,107,82,96,99,91,86,56,40,30,36,1188,15,26199
2021-22,4,BRADFORD,42,54,31,38,40,49,38,50,50,39,32,45,28,38,574,5,2867
2021-22,5,BREVARD,922,690,722,685,660,657,641,660,663,681,532,453,502,545,9013,80,72497
2021-22,6,BROWARD,4838,3238,3087,3042,2832,2706,2751,3018,2976,3131,3608,3377,3455,3434,45493,275,256037
2021-22,8,CHARLOTTE,116,124,109,118,126,116,106,128,118,122,48,42,45,38,1356,10,16400
2021-22,9,CITRUS,221,131,127,121,111,105,95,80,99,95,60,52,48,44,1389,7,15691
2021-22,10,CLAY,168,155,155,148,142,156,163,190,208,201,138,162,155,116,2257,23,38590
2021-22,11,COLLIER,794,401,341,356,382,369,382,437,423,454,405,384,407,349,5884,29,47617
2021-22,12,COLUMBIA,45,82,89,79,93,89,101,95,107,93,92,82,76,53,1176,14,9923
2021-22,13,DADE,9663,7039,6307,5578,5259,5247,5053,4868,4904,4882,5834,5291,5248,6466,81639,594,329575
2021-22,14,DESOTO,110,27,4,19,8,7,13,19,16,17,9,4,5,4,262,2,4568
2021-22,15,DIXIE,0,5,6,5,5,3,8,12,6,11,13,13,8,11,106,2,2128
2021-22,16,DUVAL,2040,1904,1778,1696,1693,1770,1650,1929,1949,1941,1962,1771,1682,1648,25413,155,128948
2021-22,17,ESCAMBIA,802,750,730,651,605,567,601,638,561,561,405,378,318,344,7911,37,37804
2021-22,18,FLAGLER,263,130,144,136,107,134,120,141,102,93,63,56,39,30,1558,14,13131
2021-22,19,FRANKLIN,11,5,3,5,7,4,3,6,4,1,10,8,0,6,73,2,1242
2021-22,20,GADSDEN,27,47,48,38,46,48,48,48,64,80,86,67,43,55,745,4,4709
2021-22,21,GILCHRIST,14,21,22,31,26,33,37,28,36,34,32,27,16,16,373,4,2796
2021-22,22,GLADES,0,9,8,8,10,11,16,16,12,13,8,12,8,8,139,2,1698
2021-22,23,GULF,23,14,15,7,7,15,17,13,12,9,7,4,0,1,144,2,1930
2021-22,24,HAMILTON,0,27,14,25,25,26,26,15,21,18,20,14,23,17,271,5,1642
2021-22,25,HARDEE,11,6,9,13,5,6,4,5,5,2,0,1,0,2,69,2,4941
2021-22,26,HENDRY,33,41,40,44,35,28,46,48,67,49,33,30,31,24,549,3,14333
2021-22,27,HERNANDO,136,203,233,223,202,195,223,208,190,206,124,93,103,94,2433,22,23415
2021-22,28,HIGHLANDS,76,158,131,125,128,115,125,121,131,93,64,51,35,23,1376,15,12246
2021-22,29,HILLSBOROUGH,2414,2090,1971,1990,1920,1942,1914,2061,2045,1964,1926,1774,1564,1563,27138,156,224149
2021-22,30,HOLMES,0,5,3,4,4,4,3,2,2,1,4,1,0,0,33,1,3205
2021-22,31,INDIAN RIVER,113,111,125,125,141,111,138,135,148,123,69,69,69,69,1546,11,17366
2021-22,32,JACKSON,43,41,31,27,21,31,20,19,21,12,15,10,7,5,303,4,6033
2021-22,33,JEFFERSON,23,25,44,30,25,25,26,29,27,25,32,29,30,19,389,3,692
2021-22,34,LAFAYETTE,7,11,8,7,4,6,8,7,10,9,9,7,4,2,99,1,1143
2021-22,35,LAKE,524,431,448,407,398,395,399,425,465,432,409,398,344,325,5800,50,45845
2021-22,36,LEE,1355,684,607,571,533,543,526,603,537,537,580,509,473,433,8491,47,97264
2021-22,37,LEON,692,463,418,426,366,384,395,438,403,399,339,331,276,217,5547,44,32562
2021-22,38,LEVY,1,21,14,19,22,16,24,30,27,32,24,20,18,16,284,4,5545
2021-22,39,LIBERTY,0,1,4,1,1,4,3,0,1,0,0,0,1,0,16,1,1302
2021-22,40,MADISON,0,13,15,8,4,3,2,4,2,5,6,3,0,4,69,3,2371
2021-22,41,MANATEE,357,274,270,273,279,305,296,382,365,374,341,344,329,331,4520,37,50248
2021-22,42,MARION,430,497,492,446,428,450,444,432,426,420,354,311,303,282,5715,42,42678
2021-22,43,MARTIN,209,1116,1102,1104,1083,1080,1089,1090,1053,1044,1008,613,598,473,12662,19,18542
2021-22,44,MONROE,110,67,53,58,44,39,38,33,35,31,2,2,2,1,515,5,8851
2021-22,45,NASSAU,233,102,111,101,108,115,119,114,99,104,75,74,60,37,1452,11,12380
2021-22,46,OKALOOSA,352,283,224,224,206,192,187,204,148,142,100,102,93,62,2519,19,32340
2021-22,47,OKEECHOBEE,113,69,40,43,34,34,38,32,30,26,12,11,11,11,504,6,6404
2021-22,48,ORANGE,2295,2595,2398,2204,2167,2143,2221,2269,2127,2197,1736,1837,1718,1639,29546,233,204058
2021-22,49,OSCEOLA,974,736,724,718,717,703,731,824,813,830,713,657,709,734,10583,84,72427
2021-22,50,PALM BEACH,2837,2028,1994,1837,1791,1874,1876,1843,1919,2011,2136,2030,1958,1847,27981,137,189659
2021-22,51,PASCO,403,393,348,363,351,340,365,308,332,333,429,361,320,267,4913,47,81142
2021-22,52,PINELLAS,1458,1345,1252,1273,1283,1232,1283,1434,1471,1470,1197,1077,1030,1090,17895,124,95446
2021-22,53,POLK,896,938,872,958,890,894,973,1063,1015,982,812,807,645,733,12478,97,110253
2021-22,54,PUTNAM,64,60,39,48,37,34,43,42,35,26,35,25,29,27,544,6,10227
2021-22,57,SANTA ROSA,361,267,254,199,192,175,153,171,168,107,102,98,81,70,2398,14,30576
2021-22,58,SARASOTA,446,434,395,408,349,380,366,385,406,334,361,346,286,321,5217,44,43896
2021-22,59,SEMINOLE,1146,876,860,839,779,876,783,909,784,881,615,594,541,527,11010,75,66729
2021-22,55,ST. JOHNS,413,324,337,294,277,272,285,231,240,203,117,113,98,112,3316,25,48032
2021-22,56,ST. LUCIE,624,497,488,417,431,411,402,396,346,306,390,347,374,307,5736,46,43612
2021-22,60,SUMTER,8,6,2,8,7,8,1,10,8,10,3,8,4,6,89,2,8912
2021-22,61,SUWANNEE,26,55,42,45,41,56,65,52,52,63,52,43,42,182,816,8,5864
2021-22,62,TAYLOR,26,35,38,22,23,45,24,27,25,26,23,19,20,23,376,2,2752
2021-22,63,UNION,0,0,1,1,1,1,0,0,0,0,0,0,0,0,4,1,2367
2021-22,64,VOLUSIA,762,684,634,610,560,543,521,617,610,584,398,366,307,276,7472,66,62666
2021-22,65,WAKULLA,34,13,14,11,14,12,8,12,22,25,8,21,15,19,228,2,5061
2021-22,66,WALTON,254,115,82,83,81,68,69,63,45,47,29,24,20,50,1030,12,11066
2021-22,67,WASHINGTON,69,33,29,27,24,27,25,28,19,21,17,18,5,8,350,2,3370
2022-23,1,ALACHUA,607,444,424,417,390,358,375,394,344,296,265,241,196,147,4898,28,28964
2022-23,2,BAKER,0,1,2,4,14,7,5,9,7,9,13,7,3,3,84,3,5003
2022-23,3,BAY,149,128,137,102,105,109,108,112,116,102,46,63,34,29,1340,16,27324
2022-23,4,BRADFORD,55,49,54,40,47,46,59,54,62,51,43,34,42,27,663,5,2998
2022-23,5,BREVARD,1180,775,764,776,751,748,724,693,744,723,554,530,487,496,9945,88,74125
2022-23,6,BROWARD,6235,3618,3421,3147,3175,3012,2916,3369,3234,3128,3849,3425,3322,3463,49314,286,254732
2022-23,8,CHARLOTTE,129,132,135,103,133,135,123,132,118,104,35,25,15,18,1337,10,16834
2022-23,9,CITRUS,192,149,144,136,137,121,107,112,89,99,66,67,49,46,1514,8,15951
2022-23,10,CLAY,159,165,159,154,153,153,164,185,161,188,208,118,130,145,2242,24,39212
2022-23,11,COLLIER,763,369,353,290,330,329,332,351,371,358,313,274,265,283,4981,26,48082
2022-23,12,COLUMBIA,43,97,104,107,88,101,107,133,122,123,92,81,79,61,1338,15,9887
2022-23,13,DADE,10718,6974,6492,5860,5541,5132,5045,5075,4912,5395,6128,5794,5496,7030,85592,602,335929
2022-23,14,DESOTO,96,39,30,17,26,18,29,33,39,43,31,26,14,30,471,4,4582
2022-23,15,DIXIE,0,2,4,8,3,6,2,6,12,5,13,8,7,10,86,2,2090
2022-23,16,DUVAL,2352,1970,1917,1823,1805,1843,1822,1860,1920,1846,1850,1722,1522,1545,25797,160,129801
2022-23,17,ESCAMBIA,873,874,920,832,812,768,757,817,819,733,621,523,474,378,10201,41,37851
2022-23,18,FLAGLER,312,138,105,120,106,95,102,93,89,69,43,68,32,21,1393,15,13331
2022-23,19,FRANKLIN,10,9,4,4,7,6,6,3,6,3,2,10,2,5,77,2,1208
2022-23,20,GADSDEN,20,53,69,60,50,63,66,51,52,78,78,85,65,51,841,5,4616
2022-23,21,GILCHRIST,17,36,30,34,46,39,37,42,26,30,33,32,17,17,436,4,2839
2022-23,22,GLADES,0,3,8,7,10,10,10,17,20,9,10,9,6,8,127,3,1819
2022-23,23,GULF,18,11,11,14,8,8,15,15,14,13,8,7,0,1,143,2,1928
2022-23,24,HAMILTON,0,16,20,12,25,25,32,36,25,33,38,35,39,37,373,6,1657
2022-23,25,HARDEE,12,8,6,10,11,4,7,4,5,3,0,0,0,0,70,3,4901
2022-23,26,HENDRY,33,41,41,43,48,36,33,57,59,64,35,22,27,29,568,4,13859
2022-23,27,HERNANDO,252,255,291,275,258,251,251,260,237,213,160,145,131,121,3100,25,24058
2022-23,28,HIGHLANDS,103,144,148,140,136,138,130,145,147,125,61,58,42,34,1551,14,12362
2022-23,29,HILLSBOROUGH,2713,2114,2110,2061,2058,2029,1921,2066,1992,1925,1716,1663,1516,1389,27273,165,224538
2022-23,30,HOLMES,0,7,6,2,3,3,5,8,9,4,8,10,8,5,78,2,3233
2022-23,31,INDIAN RIVER,163,148,123,119,126,150,129,143,146,145,85,71,75,72,1695,12,17199
2022-23,32,JACKSON,43,30,48,36,26,12,29,21,17,20,17,11,12,4,326,4,6076
2022-23,33,JEFFERSON,34,38,25,47,33,26,29,39,27,27,31,34,31,30,451,2,730
2022-23,34,LAFAYETTE,12,9,16,10,8,5,7,12,9,11,6,7,5,5,122,1,1144
2022-23,35,LAKE,849,496,489,480,417,424,426,501,399,430,362,263,291,233,6060,55,47452
2022-23,36,LEE,1700,703,673,639,621,625,627,679,645,584,616,610,529,455,9706,51,99354
2022-23,37,LEON,582,438,345,328,348,298,316,346,346,326,212,218,223,275,4601,49,32212
2022-23,38,LEVY,4,17,24,17,31,25,19,26,34,30,33,27,20,26,333,5,5689
2022-23,39,LIBERTY,0,0,3,3,2,3,3,3,0,1,0,0,0,1,19,1,1295
2022-23,40,MADISON,6,15,12,15,9,7,2,2,1,2,6,6,1,1,85,3,2418
2022-23,41,MANATEE,380,311,268,284,288,304,316,381,364,373,347,308,310,296,4530,37,51234
2022-23,42,MARION,493,523,516,487,506,475,468,508,464,424,381,352,302,300,6199,41,44493
2022-23,43,MARTIN,261,1153,1174,1170,1148,1128,1139,1132,1104,1100,1079,1167,1107,1010,14872,25,18650
2022-23,44,MONROE,162,68,68,51,62,45,48,42,31,37,13,2,1,1,631,6,8929
2022-23,45,NASSAU,232,149,112,109,109,104,108,108,100,88,77,54,49,48,1447,11,12668
2022-23,46,OKALOOSA,389,274,271,243,230,202,205,188,197,129,123,98,109,94,2752,20,32733
2022-23,47,OKEECHOBEE,111,57,53,46,39,34,31,34,38,27,15,13,12,8,518,6,6398
2022-23,48,ORANGE,2739,2839,2683,2494,2418,2351,2268,2599,2451,2390,2141,1950,1977,1962,33262,246,208445
2022-23,49,OSCEOLA,962,753,695,660,690,668,644,778,798,771,705,662,602,684,10072,84,73558
2022-23,50,PALM BEACH,3041,2141,2088,2040,1942,1931,2013,2195,2012,2036,2197,2107,2022,1902,29667,145,190567
2022-23,51,PASCO,407,419,386,365,379,360,367,405,353,372,389,384,352,305,5243,51,84032
2022-23,52,PINELLAS,1614,1370,1401,1327,1341,1379,1349,1545,1519,1545,1233,1193,1018,1054,18888,128,93702
2022-23,53,POLK,946,1050,1057,999,1080,1003,1023,1165,1107,1070,918,898,834,776,13926,106,114483
2022-23,54,PUTNAM,67,59,60,47,76,53,48,48,53,53,32,32,19,36,683,8,10293
2022-23,57,SANTA ROSA,422,290,267,274,191,190,171,151,159,180,121,114,98,93,2721,14,30764
2022-23,58,SARASOTA,538,477,522,459,459,402,450,465,457,477,455,409,422,404,6396,47,45077
2022-23,59,SEMINOLE,1406,1035,927,938,921,883,944,984,893,823,710,625,575,569,12233,73,66680
2022-23,55,ST. JOHNS,375,381,351,359,329,300,308,269,254,250,132,135,119,105,3667,26,50155
2022-23,56,ST. LUCIE,812,546,502,528,490,479,428,513,468,420,426,417,348,387,6764,48,45661
2022-23,60,SUMTER,2,6,5,6,12,10,9,8,9,13,7,2,7,7,103,2,9404
2022-23,61,SUWANNEE,41,49,60,51,46,52,61,66,57,56,64,47,42,45,737,8,5935
2022-23,62,TAYLOR,25,23,32,35,25,26,44,27,25,24,24,22,19,21,372,2,2783
2022-23,63,UNION,0,3,0,1,1,1,2,0,0,0,0,0,0,0,8,1,2385
2022-23,64,VOLUSIA,892,751,675,671,612,548,578,647,733,661,491,475,417,332,8483,70,63365
2022-23,65,WAKULLA,33,15,11,14,11,14,10,11,19,19,24,8,19,15,223,2,5156
2022-23,66,WALTON,266,115,106,82,81,79,64,69,63,44,29,26,20,44,1088,13,11575
2022-23,67,WASHINGTON,60,42,27,27,25,27,19,18,33,19,19,14,18,3,351,2,3313
2023-24,1,ALACHUA,501,502,464,458,463,428,406,431,447,381,270,266,225,207,5449,36,
2023-24,2,BAKER,0,1,3,3,4,10,5,6,9,7,8,7,6,2,71,3,
2023-24,3,BAY,172,139,130,157,110,106,126,115,116,102,68,47,58,30,1476,17,
2023-24,4,BRADFORD,137,62,48,55,40,48,48,60,57,55,53,39,33,38,773,4,
2023-24,5,BREVARD,1256,850,802,793,847,800,782,738,803,740,615,556,536,520,10638,96,
2023-24,6,BROWARD,6213,3798,3477,3318,3174,3181,2993,3466,3519,3541,3888,4040,3731,3562,51901,287,
2023-24,8,CHARLOTTE,128,135,139,141,131,133,138,137,141,105,44,29,15,18,1434,10,
2023-24,9,CITRUS,193,156,152,139,140,127,122,122,111,85,76,61,62,43,1589,10,
2023-24,10,CLAY,169,213,185,198,190,222,193,247,274,251,277,255,203,191,3068,26,
2023-24,11,COLLIER,719,390,393,365,376,391,386,437,447,476,414,413,385,360,5952,26,
2023-24,12,COLUMBIA,59,125,117,127,140,133,115,144,143,145,103,93,70,66,1580,14,
2023-24,13,DADE,10865,7325,6415,6069,5660,5377,5057,5194,5146,5106,5987,5865,5330,5869,85265,591,
2023-24,14,DESOTO,7,49,46,55,40,29,40,57,59,47,45,24,22,21,541,3,
2023-24,15,DIXIE,0,6,2,4,9,4,8,5,9,13,11,15,11,11,108,2,
2023-24,16,DUVAL,2914,2102,1992,2011,1969,1921,1864,2186,2085,2079,2067,2042,1888,1772,28892,164,
2023-24,17,ESCAMBIA,758,816,865,821,822,778,720,842,795,710,687,561,475,457,10107,38,
2023-24,18,FLAGLER,250,229,229,213,239,204,205,227,197,185,113,89,82,102,2564,16,
2023-24,19,FRANKLIN,14,6,4,4,2,4,6,4,2,4,7,2,5,8,72,2,
2023-24,20,GADSDEN,26,55,52,58,62,51,54,59,57,48,67,67,73,57,786,7,
2023-24,21,GILCHRIST,24,39,33,34,39,42,43,39,38,24,30,31,31,17,464,3,
2023-24,22,GLADES,7,4,2,3,10,14,7,12,8,9,4,5,4,5,94,3,
2023-24,23,GULF,20,10,13,11,12,6,12,13,9,10,9,5,0,1,131,2,
2023-24,24,HAMILTON,0,17,23,25,27,30,31,36,44,53,54,54,44,37,475,7,
2023-24,25,HARDEE,12,12,7,7,10,10,5,6,4,2,2,0,0,1,78,3,
2023-24,26,HENDRY,32,36,46,43,47,47,39,47,57,63,53,34,20,27,591,4,
2023-24,27,HERNANDO,240,301,283,327,286,293,276,275,293,259,173,151,111,90,3358,25,
2023-24,28,HIGHLANDS,82,176,135,163,161,144,145,152,145,136,92,57,52,44,1684,14,
2023-24,29,HILLSBOROUGH,2659,2370,2300,2256,2196,2150,2070,2358,2293,2021,1943,1730,1611,1524,29481,167,
2023-24,30,HOLMES,0,3,6,6,6,2,4,9,10,9,11,7,6,5,84,2,
2023-24,31,INDIAN RIVER,138,166,167,137,130,152,147,142,151,145,94,89,75,71,1804,17,
2023-24,32,JACKSON,37,34,32,55,40,30,23,32,19,23,24,22,12,13,396,4,
2023-24,33,JEFFERSON,34,31,44,30,51,38,28,34,44,25,35,29,33,26,482,2,
2023-24,34,LAFAYETTE,17,4,7,13,9,11,2,8,16,9,6,6,8,5,121,1,
2023-24,35,LAKE,811,648,523,576,548,477,508,572,589,499,540,491,495,510,7787,59,
2023-24,36,LEE,1845,814,694,691,687,664,684,766,735,707,721,666,644,578,10896,59,
2023-24,37,LEON,518,373,344,288,293,308,260,264,272,264,212,178,180,190,3944,41,
2023-24,38,LEVY,2,22,17,27,22,30,26,26,27,33,32,31,27,18,340,5,
2023-24,39,LIBERTY,1,1,0,3,3,2,1,3,3,0,1,0,0,1,19,1,
2023-24,40,MADISON,9,11,14,17,15,11,6,2,1,2,2,4,5,1,100,3,
2023-24,41,MANATEE,390,287,322,281,290,291,314,399,416,509,492,613,643,707,5954,36,
2023-24,42,MARION,690,572,566,563,539,520,491,540,529,464,393,363,312,287,6829,47,
2023-24,43,MARTIN,901,1226,1206,1209,1198,1177,1162,1178,1160,1129,1094,1086,1073,1051,15850,22,
2023-24,44,MONROE,206,83,65,68,56,65,50,58,50,25,21,19,2,1,769,6,
2023-24,45,NASSAU,215,144,150,108,112,117,103,106,91,84,54,46,42,42,1414,11,
2023-24,46,OKALOOSA,359,318,268,283,255,219,190,217,183,184,124,112,72,92,2876,22,
2023-24,47,OKEECHOBEE,107,61,40,50,54,43,34,41,28,29,21,21,6,11,546,5,
2023-24,48,ORANGE,2750,2851,2628,2555,2436,2358,2176,2469,2570,2279,2021,1896,1625,1704,32318,247,
2023-24,49,OSCEOLA,1051,984,833,786,800,783,770,803,870,868,721,747,705,671,11392,83,
2023-24,50,PALM BEACH,3355,2259,2109,2037,2029,1932,1870,2054,2086,1885,2073,2011,1982,2043,29725,145,
2023-24,51,PASCO,395,504,434,442,416,431,410,455,439,397,411,386,404,343,5867,55,
2023-24,52,PINELLAS,1585,1401,1323,1388,1359,1387,1381,1539,1549,1525,1257,1195,1140,1023,19052,126,
2023-24,53,POLK,938,1107,1032,1026,1042,1059,1031,1118,1120,1022,785,722,669,678,13349,104,
2023-24,54,PUTNAM,59,77,54,68,50,71,45,44,47,45,42,21,22,13,658,8,
2023-24,57,SANTA ROSA,446,291,276,294,274,208,217,194,173,169,160,129,124,116,3071,15,
2023-24,58,SARASOTA,531,433,421,449,405,446,362,421,402,370,419,368,362,355,5744,46,
2023-24,59,SEMINOLE,1562,1131,1090,1028,1016,1004,959,1111,960,903,670,683,593,595,13305,78,
2023-24,55,ST. JOHNS,487,380,375,369,370,357,340,324,301,268,136,125,139,117,4088,29,
2023-24,56,ST. LUCIE,872,549,506,516,489,461,449,424,432,379,441,341,304,250,6413,48,
2023-24,60,SUMTER,0,10,10,6,8,13,5,10,8,8,9,5,2,6,100,2,
2023-24,61,SUWANNEE,43,61,49,58,51,55,49,59,67,55,62,62,45,197,913,10,
2023-24,62,TAYLOR,0,48,19,35,39,25,29,45,28,27,24,23,19,19,380,3,
2023-24,63,UNION,0,2,5,1,2,1,6,3,1,0,1,0,0,0,22,2,
2023-24,64,VOLUSIA,881,760,762,730,746,672,602,687,691,723,498,435,453,338,8978,70,
2023-24,65,WAKULLA,40,15,16,12,14,13,15,10,11,14,21,21,8,18,228,2,
2023-24,66,WALTON,271,136,101,123,91,83,79,69,71,49,28,26,17,25,1169,13,
2023-24,67,WASHINGTON,59,45,43,34,35,26,24,17,22,29,16,18,15,16,399,4,
2024-25,1,ALACHUA,467,546,465,477,510,502,503,482,425,466,330,273,261,238,5945,40,
2024-25,2,BAKER,0,0,0,1,1,2,9,5,7,7,4,1,7,5,49,2,
2024-25,3,BAY,174,149,144,146,159,121,124,127,118,116,83,100,73,68,1702,21,
2024-25,4,BRADFORD,121,64,53,45,53,38,45,49,59,53,57,45,33,32,747,4,
2024-25,5,BREVARD,1160,950,836,826,796,872,832,812,820,752,659,558,539,510,10922,92,
2024-25,6,BROWARD,6133,4195,3974,3660,3580,3388,3456,3714,3720,3734,4359,4004,4112,3769,55798,323,
2024-25,8,CHARLOTTE,183,147,141,149,151,129,140,161,133,138,46,39,21,18,1596,12,
2024-25,9,CITRUS,165,170,159,153,148,139,128,130,130,105,59,69,55,54,1664,10,
2024-25,10,CLAY,184,204,199,178,206,203,230,228,255,277,241,274,244,176,3099,26,
2024-25,11,COLLIER,774,385,355,413,398,379,400,420,479,469,463,411,416,393,6155,24,
2024-25,12,COLUMBIA,54,100,123,123,137,135,126,147,152,159,103,94,79,60,1592,15,
2024-25,13,DADE,11498,7753,6771,6148,6085,5611,5454,5443,5290,5829,5955,6240,6281,7994,92352,623,
2024-25,14,DESOTO,91,68,58,58,55,45,37,57,55,52,34,33,23,22,688,4,
2024-25,15,DIXIE,0,3,1,6,8,12,5,13,6,13,21,18,17,13,136,2,
2024-25,16,DUVAL,2717,2259,1998,2011,2066,1985,1921,2235,2205,2109,2067,2003,1917,1845,29338,163,
2024-25,17,ESCAMBIA,877,890,866,845,859,841,826,824,850,803,627,583,518,486,10695,45,
2024-25,18,FLAGLER,193,181,197,224,196,203,180,208,211,180,143,89,81,110,2396,19,
2024-25,19,FRANKLIN,8,10,2,5,4,1,4,3,2,1,4,6,0,9,59,3,
2024-25,20,GADSDEN,30,47,49,47,63,56,54,42,67,49,50,39,43,56,692,6,
2024-25,21,GILCHRIST,22,38,39,35,31,40,50,46,41,39,28,23,26,32,490,5,
2024-25,22,GLADES,0,16,19,11,15,16,17,21,21,19,19,7,15,11,207,3,
2024-25,23,GULF,26,15,10,14,9,10,9,11,12,8,11,4,0,1,140,2,
2024-25,24,HAMILTON,0,28,21,22,28,20,33,30,43,53,45,62,45,43,473,6,
2024-25,25,HARDEE,14,11,14,11,8,10,10,7,3,6,1,1,1,2,99,3,
2024-25,26,HENDRY,35,46,38,43,48,47,48,61,49,60,50,51,32,17,625,4,
2024-25,27,HERNANDO,192,253,260,251,254,231,245,274,238,233,213,169,148,190,3151,25,
2024-25,28,HIGHLANDS,138,179,150,140,167,153,144,147,149,133,73,64,38,36,1711,17,
2024-25,29,HILLSBOROUGH,2922,2543,2382,2291,2268,2211,2195,2277,2259,2167,1912,1701,1514,1442,30084,182,
2024-25,30,HOLMES,0,3,6,6,6,6,8,2,13,14,9,11,4,6,94,2,
2024-25,31,INDIAN RIVER,197,184,160,166,142,131,156,180,170,165,111,88,91,70,2011,19,
2024-25,32,JACKSON,29,30,32,31,50,37,34,29,29,28,18,21,22,17,407,5,
2024-25,33,JEFFERSON,44,37,34,43,37,50,38,33,34,46,25,32,33,32,518,2,
2024-25,34,LAFAYETTE,11,12,6,5,9,7,10,2,7,11,6,2,4,5,97,1,
2024-25,35,LAKE,718,678,602,541,586,531,494,553,513,503,379,354,311,264,7027,60,
2024-25,36,LEE,1695,880,773,703,765,726,716,792,794,756,690,611,561,542,11004,62,
2024-25,37,LEON,629,554,470,488,415,415,449,409,434,437,378,364,307,449,6198,45,
2024-25,38,LEVY,1,23,25,18,24,24,29,19,27,26,26,30,30,22,324,5,
2024-25,39,LIBERTY,0,2,1,1,6,2,2,4,1,3,0,1,1,1,25,1,
2024-25,40,MADISON,7,13,6,9,14,10,9,5,2,1,1,1,4,5,87,3,
2024-25,41,MANATEE,378,320,288,315,266,281,299,343,383,409,372,379,393,388,4814,37,
2024-25,42,MARION,666,628,616,586,596,572,515,580,539,535,390,381,320,286,7210,46,
2024-25,43,MARTIN,1534,1244,1243,1222,1231,1222,1199,1189,1163,1176,1074,1074,1086,1072,16729,24,
2024-25,44,MONROE,190,84,76,63,64,57,62,59,53,58,23,16,16,0,821,6,
2024-25,45,NASSAU,193,162,143,151,116,120,127,104,99,83,58,41,46,49,1492,12,
2024-25,46,OKALOOSA,366,301,290,268,274,255,216,177,186,167,137,99,106,70,2912,25,
2024-25,47,OKEECHOBEE,111,63,35,56,40,37,42,36,30,25,24,24,13,9,545,5,
2024-25,48,ORANGE,2962,3098,2934,2700,2675,2604,2517,2758,2886,2882,2558,2382,2314,2086,37356,268,
2024-25,49,OSCEOLA,915,985,918,851,864,817,823,914,893,941,777,765,765,784,12012,95,
2024-25,50,PALM BEACH,3246,2406,2224,2130,2138,2125,2050,2155,2190,2166,2221,2240,2202,2564,32057,164,
2024-25,51,PASCO,416,518,498,460,479,432,473,423,400,432,421,367,340,385,6044,60,
2024-25,52,PINELLAS,1754,1490,1462,1441,1452,1423,1490,1570,1531,1528,1278,1257,1135,1143,19954,144,
2024-25,53,POLK,960,1188,1207,1182,1273,1166,1302,1304,1283,1335,1111,912,873,849,15945,116,
2024-25,54,PUTNAM,51,84,76,62,83,68,71,54,61,52,59,62,47,41,871,10,
2024-25,57,SANTA ROSA,334,303,280,256,272,248,197,196,184,156,127,122,91,91,2857,16,
2024-25,58,SARASOTA,588,573,486,479,508,454,472,458,473,487,495,505,453,410,6841,52,
2024-25,59,SEMINOLE,1661,1270,1098,1059,1065,1040,1024,1088,1004,908,711,648,642,622,13840,81,
2024-25,55,ST. JOHNS,559,402,372,374,373,402,416,371,364,338,200,151,127,133,4582,33,
2024-25,56,ST. LUCIE,686,617,565,520,567,511,470,520,495,462,479,453,399,518,7262,55,
2024-25,60,SUMTER,0,3,9,10,9,9,10,10,5,5,8,7,6,4,95,3,
2024-25,61,SUWANNEE,32,62,57,50,60,53,66,60,62,65,65,54,47,208,941,9,
2024-25,62,TAYLOR,0,33,42,21,44,39,29,33,36,32,26,25,19,20,399,5,
2024-25,63,UNION,0,7,5,5,1,3,1,5,3,0,0,1,0,0,31,2,
2024-25,64,VOLUSIA,763,799,752,722,733,727,630,679,639,622,451,417,366,382,8682,77,
2024-25,65,WAKULLA,37,16,16,16,15,12,12,14,15,13,13,21,17,7,224,2,
2024-25,66,WALTON,218,140,114,99,123,81,67,74,55,63,39,21,23,30,1147,14,
2024-25,67,WASHINGTON,51,62,45,41,42,37,28,31,20,27,27,21,13,14,459,5,
