school_code,district,school_name,religious,enroll_total,email_domain,site,home_status,robots,tuition_pages,dollar_snippets,amounts,best_url,note
8665,Palm Beach,HADAR HIGH SCHOOL FOR GIRLS,Yes,82,hadarhs.org,https://www.hadarhs.org/,200,ok,1,4,"$23,055",https://www.hadarhs.org/admissions,
469,Martin,BRIDGES MONTESSORI SCHOOL,No,190,brighthorizons.com,https://www.brighthorizons.com/,200,ok,1,0,,,
785,Indian River,SAINT HELEN CATHOLIC SCHOOL,Yes,232,sthelenschoolvero.org,,0,,0,0,,,no homepage at email domain
9647,Walton,PLEASANT RIDGE CHRISTIAN ACADEMY,Yes,25,prcacademy.org,https://www.prcacademy.org/,200,ok,4,1,"$750 $7,800",https://www.prcacademy.org/scholarships-tuition,
3609,Manatee,EDISON ACADEMICS,No,71,edisonacademics.com,,0,,0,0,,,no homepage at email domain
1716,Sarasota,SEA OF STRENGTHS ACADEMY,No,25,sosaschool.com,https://sosaschool.com/,200,ok,2,4,"$40 $267 $500 $20,950",https://sosaschool.com/tuition-and-financial-aid/,
9631,Dade,AMERICAN ELITE SCHOOL,No,158,eonlineschool.us,,0,,0,0,,,no homepage at email domain
2546,Broward,LYCEE FRANCO-AMERICAN,No,150,lyceefrancoam.org,https://www.lyceefrancoam.org/,200,ok,1,0,,,
674,Pasco,BISHOP LARKIN CATHOLIC SCHOOL,Yes,306,bishoplarkin.org,https://www.bishoplarkin.org/,200,ok,3,0,,,
4283,Dade,AMERICAN HIGH SCHOOL ACADEMY INC.,No,670,americanhighschoolacademy.com,https://americanhighschoolacademy.com/,200,ok,4,22,$ 20.00 $35.00 $45.00 $50 $70.00 $95.00 $95 $100 $233 $266.66 $300 $300.00,https://americanhighschoolacademy.com/tuition-fees-scholarships-financing-options/,
2924,Palm Beach,EPHESUS ADVENTIST ACADEMY,Yes,56,eaa-wpb.org,https://eaa-wpb.org/,200,ok,0,0,,,
2176,Broward,SUNSET SUDBURY SCHOOL,No,22,sunsetsudbury.org,https://sunsetsudbury.org/,200,ok,2,5,"$10, $7,021 $10,532",https://sunsetsudbury.org/tuition-and-payment/,
7246,Hillsborough,CAMBRIDGE CHRISTIAN SCHOOL,Yes,945,ccslancers.com,https://www.ccslancers.com/,200,ok,3,1,"$3,200",https://www.ccslancers.com/tuition-assistance/,
484,Osceola,ST. THOMAS AQUINAS SCHOOL,Yes,492,stacschool.com,https://www.stacschool.com/,200,ok,1,0,,,
4816,Seminole,WALDEN COMMUNITY SCHOOL,No,59,waldencommunityschool.com,,0,,0,0,,,no homepage at email domain
568,Osceola,STEAM MINDS ACADEMY CORP.,No,23,steammindsacademy.com,https://steammindsacademy.com/,200,ok,0,0,,,
8702,Dade,ACADEMY PLUS,No,160,escoolar.com,https://www.escoolar.com/,200,ok,0,0,,,
7636,Dade,THE ACADEMY OF KNOWLEDGE PREPARATORY SCHOOL,No,87,aokpreparatory.com,https://www.academyofknowledgepreparatory.com/,200,ok,2,0,,,
704,Bay,HOLY NATIVITY EPISCOPAL SCHOOL,Yes,277,hnes.us,https://www.hnes.us/,200,ok,4,3,"$600 $8,000 $10,690 $11,300",https://www.hnes.us/admissions/tuition-and-affordability.cfm,
7673,Orange,BRIGHTER JOURNEYS ACADEMY LLC,No,18,brighterjourneys.com,https://brighterjourneys.com/,200,ok,0,0,,,
6320,Lee,CROWN OF LIFE CHRISTIAN ACADEMY,Yes,128,crownlifeacademy.com,https://crownlifeacademy.com/,200,ok,2,20,$0 $10 $100 $187.50 $250 $263.75 $263 $300 $500 $550.50 $750 $800.50,https://crownlifeacademy.com/admissions/rates/,
1517,Lee,QUALITY LIFE ACADEMY,No,24,qlcswfl.org,https://qualitylifecenter.org/,200,ok,0,0,,,
648,Okaloosa,CALVARY CHRISTIAN ACADEMY,Yes,325,cbcfwb.org,https://www.cbcfwb.org/,200,ok,0,0,,,
4663,Pasco,RECONNECTIONS EDUCATION CENTER,No,31,reconnectionseducation.org,,0,,0,0,,,no homepage at email domain
9698,Charlotte,OASIS CHRISTIAN ACADEMY,Yes,11,fearlessfl.com,https://www.fearlessfl.com/,200,ok,0,0,,,
2778,Orange,THE ACADEMY OF CENTRAL FLORIDA,No,107,theacademycfl.com,https://theacademycfl.com/,200,ok,0,0,,,
8228,Polk,SPARROW ACADEMY,Yes,141,sparrowacademy.org,https://sparrowacademy.org/,200,ok,1,6,"$1,190 $1,430 $1,850 $2,850 $11,900 $14,300 $18,500 $28,500",https://sparrowacademy.org/tuition/,
7188,Duval,Victorious Preparatory Academy,No,84,victoriousprepatoryacademy.com,,0,,0,0,,,no homepage at email domain
985,Palm Beach,B-Ready Academy MicroSchool,No,35,breadyacademy.com,https://www.breadylearning.com/,200,ok,0,0,,,
742,Volusia,CHAMPIONS ACADEMY,Yes,34,relevantfl.org,https://www.relevantfl.org/,200,ok,0,0,,,
3196,Broward,HOCHBERG PREPARATORY SCHOOL,Yes,261,posnackschool.org,https://posnackschool.org/,200,ok,0,0,,,
1377,Broward,BEACON HILL SCHOOL INC,No,56,beaconhillschool.com,https://beaconhillmiami.com/,200,ok,2,0,,,
6822,Orange,XL ACADEMY LLC,No,157,xlsocceracademy.com,https://www.xlsocceracademy.com/,200,ok,1,0,,,
6889,Lake,INTEGRITY CHRISTIAN ACADEMY,Yes,145,integritychristianacademyfl.com,https://integritychristianacademyfl.com/,200,ok,0,0,,,
7370,Pasco,THRIVE ACADEMY,No,26,thriveacademyedu.org,https://www.thriveacademyedu.org/,200,ok,0,0,,,
140,Seminole,THE GENEVA SCHOOL INC.,Yes,688,genevaschool.org,https://www.genevaschool.org/,200,ok,4,20,$1 $8 $70 $100 $125 $170 $200 $250 $350 $410 $855 $915,https://www.genevaschool.org/tuition,
340,Dade,TEMPLE SINAI OF NORTH DADE,Yes,153,tsnd.org,https://www.tsnd.org/,200,ok,0,0,,,
978,Orange,MAITLAND MONTESSORI SCHOOL,No,155,maitlandmontessori.org,https://maitlandmontessori.org/,200,ok,0,0,,,
1647,Escambia,S.L. JONES CHRISTIAN ACADEMY,Yes,249,sljcainc.com,https://sljcainc.com/,200,ok,4,4,"$36 $100 $115 $130 $290 $926.50 $1,098 $1,120 $9,265.00",https://sljcainc.com/admissions/tuition-and-fees/,
4877,Seminole,Chabad of Altamonte Springs,Yes,5,jewishaltamonte.org,,403,,0,0,,,no homepage at email domain
6866,Brevard,LIFE CHANGERS CHRISTIAN ACADEMY,Yes,83,lcori.net,https://www.lcori.net/,200,ok,0,0,,,
1055,Seminole,LIBERTY CHRISTIAN SCHOOL,Yes,184,pabc-lcs.org,https://churchonpalmetto.org/,200,ok,0,0,,,
3069,Broward,THE RANDAZZO SCHOOL,No,186,randazzoschool.net,https://www.randazzoschool.net/,200,ok,0,0,,,
124,Broward,SAINT BARTHOLOMEW SCHOOL,Yes,186,stbartschool.org,https://www.stbartschool.org/,200,disallow,0,0,,,robots.txt disallows
7745,Broward,PATHWAY SCHOOLS,No,84,pathwayschools.us,https://www.pathwayschools.com/,200,ok,4,3,"$500 $600 $1500 $1,500 $15,000",https://www.pathwayschools.com/tuition,
992,Suwannee,FREEDOM SCHOOL,No,22,freedomschoolk12.net,,200,,0,0,,,no homepage at email domain
2512,Orange,STARCHILD ACADEMY - WEKIVA,No,209,starchildwekiva.com,,403,,0,0,,,no homepage at email domain
5902,Broward,C.G. SMITH ACADEMY - EAST,No,16,smithcmh.com,https://smithcmh.com/,200,ok,0,0,,,
9824,Broward,BRUCKNER EDUCATION,No,50,primrosecoopercity.com,,0,,0,0,,,no homepage at email domain
6104,Pinellas,WELLMONT ACADEMY,Yes,76,wellmontacademy.com,https://www.wellmontacademy.com/,200,ok,4,12,$25 $50 $100 $125 $200 $300 $392 $470 $500 $508 $550 $610,https://www.wellmontacademy.com/admissions/tuition-and-fees-2027-2028/,
2832,Pinellas,GUARDIAN ANGELS CATHOLIC SCHOOL,Yes,225,gacsfl.com,https://gacsfl.com/,200,ok,3,4,"$100 $200 $300.00 $10,003 $10,753",https://gacsfl.com/tuition-financial-assistance/,
8872,Marion,LIFESPAN ACADEMY LLC,No,59,lifespan-academy.com,https://lifespan-academy.com/,200,ok,1,4,$250 $9800,https://lifespan-academy.com/tuition-and-fees-2025-2026/,
8464,Sarasota,NUR ACADEMY,Yes,36,nuracademyfl.com,,0,,0,0,,,no homepage at email domain
9534,Brevard,LEARNING FORWARD EDUCATION,No,57,lfecenter.com,https://www.lfecenter.com/,200,ok,4,1,"$300,000",https://www.lfecenter.com/admissions/tuition-financial-aid,
4088,Hillsborough,CENTRAL BAPTIST CHRISTIAN SCHOOL,Yes,396,cbcslions.com,https://www.cbcslions.com/,200,ok,3,45,$35 $75 $100 $160 $175 $180 $260 $300 $355 $430 $475 $500,https://www.cbcslions.com/admissions,
3213,Palm Beach,KATZ YESHIVA HIGH SCHOOL OF S. FLA,Yes,499,yeshivahs.org,https://www.yeshivahs.org/,200,ok,2,3,"$650 $24,390",https://www.yeshivahs.org/apps/pages/index.jsp?uREC_ID=364296&type=d&pREC_ID=819228,
7169,Orange,PARK MAITLAND SCHOOL,No,552,parkmaitland.com,https://www.parkmaitland.com/,200,ok,0,0,,,
8909,Dade,EMPOWERING YOUTH INC.,No,12,empoweringyouthinc.org,https://empoweringyouthinc.org/,200,ok,0,0,,,
8278,Palm Beach,FRENCH SCHOOL OF BOCA RATON LE PETIT PRINCE,No,112,frenchschoolbocaraton.com,https://www.frenchschoolbocaraton.com/,200,ok,2,0,,,
9520,Volusia,ALPHA LEARNING ACADEMY,Yes,41,los-pentecostales.com,,0,,0,0,,,no homepage at email domain
