school_code,page_url,page_years,site_years,ok
4048,https://www.lighthousechristianschool.net/,2004 2005 2007 2008 2009 2011 2013 2014 2015 2016 2017 2018 2019 2020 2021 2022 2023 2024 2025 2026,2004 2005 2007 2008 2009 2011 2013 2014 2015 2016 2017 2018 2019 2020 2021 2022 2023 2024 2025 2026,1
179,https://www.sttimothymiami.org/CatholicSchool.php?pg=Tuition,2023 2024 2025 2026,2007 2011 2013 2014 2015 2016 2017 2018 2019 2020 2021 2022 2023 2024 2025 2026,1
1549,https://static1.squarespace.com/static/5ede4ccddc6f0d67e7010d59/t/69b2f83b9f887d5f0f59f667/1773336635796/tuition+%2811%29.pdf,,2015 2016 2017 2018 2019 2020 2022,1
5582,https://www.oursacredacademy.org/apps/pages/index.jsp?uREC_ID=548607&type=d,,2020 2021 2022 2023 2024 2025,1
1634,https://www.saintacs.com/tuition,,2018 2019 2020 2021 2022 2023 2024 2025,1
2808,https://www.stbrendanhigh.org/admissions/tuition-and-fees,2020 2021 2022 2023 2024 2025 2026,2008 2010 2011 2012 2013 2014 2015 2016 2017 2018 2019 2020 2021 2022 2023 2024 2025 2026,1
608,https://www.allisonacademy.com/admission/tuition-fees/,,2000 2001 2002 2003 2004 2005 2006 2007 2008 2009 2010 2011 2012 2013 2014 2015 2016 2017 2020 2021 2022 2023 2024 2025 2026,0
1005,https://sjnceltics.org/tuition-financial-aid/,2025 2026,2004 2005 2007 2009 2010 2011 2012 2013 2014 2015 2016 2017 2018 2019 2020 2021 2022 2023 2024 2025 2026,1
2726,https://blessedstar.com/services-and-fees/,2025 2026,2011 2013 2014 2015 2016 2017 2018 2019 2020 2021 2022 2023 2024 2025 2026,1
6297,https://thehivelearning.org/,,,0
2327,https://www.thedepaulschool.org/school-admissions/tuition-assistance,2026,2008 2009 2010 2011 2012 2013 2014 2015 2016 2017 2018 2019 2020 2021 2022 2023 2024 2025 2026,1
4174,https://lwrchristian.org/admissions/,2025 2026,2025 2026,1
5769,https://shorashimacademy.org/tuition/,2023 2024 2025 2026,2023 2024 2025 2026,1
3213,https://www.yeshivahs.org/apps/pages/index.jsp?uREC_ID=364296&type=d&pREC_ID=819228,2015 2016 2017 2019 2020 2021 2022 2023 2024 2025 2026,2015 2016 2017 2018 2019 2020 2021 2022 2023 2024 2025 2026,1
3130,https://www.prov.org/admissions/continuous-enrollment/,2024 2025 2026,1999 2000 2001 2002 2003 2004 2005 2006 2007 2008 2011 2012 2013 2014 2015 2016 2017 2018 2019 2020 2021 2022 2023 2024 2025 2026,1
2984,https://static1.squarespace.com/static/5d6d5fa182e9bf0001b61d41/t/6875b451752ef0735fefa38a/1752544339428/20205-2026+Tution+Fee+WEBSITE.pdf,,,0
2018,https://www.familylifecommunity.net/tuition--education-options.html,2015 2016 2017 2022 2023 2024 2025 2026,2008 2009 2010 2011 2012 2013 2014 2015 2016 2017 2018 2019 2020 2021 2022 2023 2024 2025 2026,1
3972,https://img1.wsimg.com/blobby/go/ab609dd2-fa34-4b72-8ece-f78dd8fbd50f/General%20Tuition%20%26%20Fee%20Schedule%202026_2027.pdf,,2010 2011 2012 2013 2014 2015 2016 2017 2018 2019 2020 2022 2023 2025,1
7975,https://providenceschool.education/tuition-scholarships/,2024,2024 2025,1
3723,https://assets.cdn.filesafe.space/Lw6I2xWqWJkEC5Q6dJmU/media/6a554338180dde3f86d31000.pdf,,2023 2024 2025 2026,1
8097,https://vownowacademy.org/tuition-and-fees/,,2021 2022 2024 2025 2026,1
3145,https://www.alfurqanacademy.org/tuition--fees.html,2015 2016 2017 2018 2019 2020 2021 2022 2023 2024 2025 2026,2004 2005 2006 2007 2008 2009 2015 2016 2017 2018 2019 2020 2021 2022 2023 2024 2025 2026,1
5616,https://springsacademy.org/images/2026-2027_Financial-Information-1.pdf,,2017 2019 2021 2022 2023 2024 2025,0
4595,https://www.pcalakeland.org/admissions,,2018 2019 2020 2021 2022 2023 2024 2025,1
1999,https://www.annunciationacademy.org/tuition-tuition-assistance,,1998 1999 2000 2001 2002 2003 2004 2005 2006 2007 2008 2009 2010 2011 2012 2013 2014 2015 2016 2017 2018 2019 2020 2021 2022 2023 2024 2025,1
1146,https://scajax.org/tuition/,2023 2024 2025 2026,2020 2021 2022 2023 2024 2025 2026,1
7098,https://www.kcafl.org/tuition,2024 2025 2026,2024 2025 2026,1
5435,https://www.stjohnseagles.org/admissions/tuition-fees,2024 2025 2026,1999 2000 2003 2004 2005 2006 2007 2008 2009 2010 2011 2012 2013 2014 2015 2016 2017 2018 2019 2020 2021 2022 2023 2024 2025 2026,1
1233,https://sacsfl.org/admissions/,,2021 2022,1
816,https://www.lourdesacademydaytona.org/admissions,2019 2020 2021,2015 2016 2017 2018 2019 2020 2021 2022 2023 2024 2025,1
5941,https://www.chederchabadfl.com/our-admissions,2021 2022 2023 2024 2025 2026,2021 2022 2023 2024 2025 2026,1
885,https://www.seacrest.org/admissions/tuition,2025 2026,1999 2001 2002 2003 2004 2005 2006 2007 2008 2009 2010 2011 2012 2013 2014 2015 2016 2017 2018 2019 2020 2021 2022 2023 2024 2025 2026,1
983,https://www.shorecrest.org/admissions/tuition-and-financial-aid,2023 2024 2025,1996 1997 1998 1999 2000 2001 2002 2003 2004 2005 2006 2007 2008 2009 2010 2011 2012 2013 2014 2019 2020 2021 2022 2023 2024 2025 2026,1
8756,https://lifeskillsacademy.org/admissions/tuition-fees/,2024 2025 2026,2002 2003 2008 2009 2013 2014 2015 2016 2017 2018 2022 2023 2024 2025 2026,1
5236,https://crossroadsocala.com/,2016 2017 2018 2019 2020 2021 2022 2023 2024 2025,2016 2017 2018 2019 2020 2021 2022 2023 2024 2025,1
6302,https://www.fcafalcons.org/editoruploads/files/FCA%202026-2027%20Students%20Tuition%20and%20Fees.docx.pdf,2026,2020 2022 2023 2024 2025 2026,1
3598,https://cardenchristianacademy.com/pdf/2026-2027%20Tuition%20Sheet.pdf,2026,2006 2007 2008 2009 2011 2013 2016 2017 2018 2019 2021 2022 2023 2024 2025 2026,1
1336,https://www.stmarthaschool.net/admissions/tuition.cfm,2021 2022 2023 2024 2025 2026,2004 2005 2006 2007 2008 2009 2010 2011 2012 2013 2014 2015 2016 2017 2018 2019 2020 2021 2022 2023 2024 2025 2026,1
6037,https://www.xceedprep.org/tuition/,2020 2021 2022 2023 2024 2025 2026,2017 2018 2019 2020 2021 2022 2023 2024 2025 2026,1
7106,https://k12prepacademy.com/tuition-financing,2023 2024 2025 2026,2022 2023 2024 2025 2026,1
7109,https://www.xceedprep.org/tuition/,2020 2021 2022 2023 2024 2025 2026,2017 2018 2019 2020 2021 2022 2023 2024 2025 2026,1
7663,https://www.figtreemontessori.org/admissions-tuition/tuition-information/,2025 2026,2024 2025 2026,1
678,https://www.penielwarriors.org/uploads/6/5/0/4/65044725/2026-2027_fee_sheet_-_2026-03-30__1_.pdf,,,0
779,https://rfmunroe.org/tuitionscholarship/,,2003 2004 2005 2006 2007 2008 2009 2010 2011 2012 2013 2014 2015 2016 2017 2018 2019 2020 2021 2022 2023 2024 2025 2026,1
8992,https://veritasclassicalschool.org/tuition-fees/,2022 2023 2024 2025 2026,2018 2019 2022 2023 2024 2025 2026,1
4663,https://www.reconnectionseducationcenter.org/helpful-information,,,0
3453,https://gcapatriots.com/admissions,,2008 2010 2011 2012 2013 2014 2015 2016 2017 2018 2019 2021 2022 2023 2024 2025,1
1944,https://themagnolia.school/admissions/tuition,2019,2017 2018 2019 2021 2022 2023 2024 2025 2026,1
2618,https://killianoaksacademy.com/wp-content/uploads/2026/04/Killian-Oaks-Academy-Tuition-and-Fees-Schedule-5-7-2026-2027.pdf,,2003 2004 2005 2006 2007 2008 2010 2011 2012 2013 2014 2015 2016 2017 2018 2019 2020 2021 2022 2023 2024 2025 2026,0
4459,https://www.lighthousechristianschool.net/,2004 2005 2007 2008 2009 2011 2013 2014 2015 2016 2017 2018 2019 2020 2021 2022 2023 2024 2025 2026,2004 2005 2007 2008 2009 2011 2013 2014 2015 2016 2017 2018 2019 2020 2021 2022 2023 2024 2025 2026,1
3555,https://aakcacademy.com/,,,1
2802,https://www.rivieraschools.com/admissions/tuition-fees,,2000 2001 2002 2003 2004 2005 2006 2007 2008 2009 2010 2011 2012 2013 2014 2015 2016 2017 2018 2019 2020 2021 2022 2023 2024 2025 2026,1
1657,https://www.3oaksacademy.com/estero/tuition,,2009 2010 2014 2019 2020 2021 2022 2023 2024 2025 2026,1
800,https://www.colca.education/tuition,2020 2021 2022 2023 2024 2025 2026,2020 2021 2022 2023 2024 2025 2026,1
6865,https://lifeskillsacademy.org/admissions/tuition-fees/,2024 2025 2026,2002 2003 2008 2009 2013 2014 2015 2016 2017 2018 2022 2023 2024 2025 2026,1
4457,https://www.lighthousechristianschool.net/,2004 2005 2007 2008 2009 2011 2013 2014 2015 2016 2017 2018 2019 2020 2021 2022 2023 2024 2025 2026,2004 2005 2007 2008 2009 2011 2013 2014 2015 2016 2017 2018 2019 2020 2021 2022 2023 2024 2025 2026,1
5226,https://www.lighthousechristianschool.net/,2004 2005 2007 2008 2009 2011 2013 2014 2015 2016 2017 2018 2019 2020 2021 2022 2023 2024 2025 2026,2004 2005 2007 2008 2009 2011 2013 2014 2015 2016 2017 2018 2019 2020 2021 2022 2023 2024 2025 2026,1
