school_code,url,source
1223,https://www.imgacademy.com,web search 2026-10
2087,https://www.belenjesuit.org,web search 2026-10
199,https://www.ytcte.org,web search 2026-10
2279,https://www.atlanticca.com,web search 2026-10
7238,https://tcasarasota.com,web search 2026-10
997,https://www.htacademy.org,web search 2026-10
4034,https://www.saintjamesacademy.org,web search 2026-10
915,https://cardinalnewman.com,web search 2026-10
1867,https://www.bereanchristianschool.org,web search 2026-10
2178,https://www.ocsrams.org,web search 2026-10
2558,https://www.ocsrams.org,web search 2026-10
2804,https://www.stakb.org,web search 2026-10
3495,https://www.trinitycatholichs.org,web search 2026-10
