school_code,url,score,matched
1564,https://www.flowersmontessori.com/,1.0,flowersmontessori.com
7475,https://morningmeadow.com/,1.0,morningmeadow.com
3275,https://cornerstoneacademy.school/,1.0,cornerstoneacademy.school
5369,https://bacotacademy.org/,1.0,bacotacademy.org
1924,https://www.gainesvilleacademy.net/,1.0,gainesvilleacademy.net
9403,https://gatewaychristianacademy.org/,1.0,gatewaychristianacademy.org
6214,https://www.bananariverbaptistacademy.com/,1.0,bananariverbaptistacademy.com
3415,https://brevardprivateacademy.com/,1.0,brevardprivateacademy.com
6840,https://behavioreducationcenter.org/,1.0,behavioreducationcenter.com
8396,https://eastwindchristianacademy.com/,1.0,eastwindchristianacademy.com
1765,https://cocoaadventist.org/,1.0,cocoaadventist.org
7570,https://lakefernmontessoriacademy.com/,1.0,lakefernmontessoriacademy.com
4977,https://lovecenterchristianacademy.net/,1.0,lovecenterchristianacademy.net
5691,https://www.wavecrestacademy.org/,1.0,wavecrestacademy.org
4767,https://emaschool.org/,1.0,emaschool.org
9549,https://amazingachieversacademy.com/,1.0,amazingachieversacademy.com
138,https://www.bpyyfl.org/,0.75,bpyyfl.org
3228,https://continentalacademy.com/,1.0,continentalacademy.com
613,https://www.coralspringspreschool.org/,1.0,coralspringspreschool.org
8985,https://www.ecokidsbilingualpreschools.com/,1.0,ecokidsbilingualpreschools.com
8272,https://davieacademy.com/,1.0,davieacademy.com
9277,https://flexlearningacademy.com/,1.0,flexlearningacademy.com
8155,https://www.jacklynacademy.com/,1.0,jacklynacademy.com
5666,https://ljaonline.com/,1.0,landowjewishacademy.com
5799,https://littlebeesacademy.org/,1.0,littlebeesacademy.org
9667,https://www.littleflowermontessori.org/,1.0,littleflowermontessori.org
7234,https://www.mimislearningcenter.com/,1.0,mimislearningcenter.com
4822,https://newhopesdalearningcenter.org/,1.0,newhopesdalearningcenter.org
4482,https://northbrowardcharter.charterschoolsusa.com/offline,1.0,northbrowardacademy.org
454,https://palmbeachprep.org/,1.0,palmbeachprep.org
5693,https://pineislandmontessori.com/,1.0,pineislandmontessori.com
6279,https://www.pineygroveacademy.org/,1.0,pineygroveacademy.org
8444,https://pkg-12.com/,1.0,pk12virtual.com
